{
    "name": "root",
    "gauges": {
        "Tank.Policy.Entropy.mean": {
            "value": 2.86161208152771,
            "min": 2.8449249267578125,
            "max": 3.2416892051696777,
            "count": 15
        },
        "Tank.Policy.Entropy.sum": {
            "value": 34201.98828125,
            "min": 34002.54296875,
            "max": 40203.4296875,
            "count": 15
        },
        "Tank.Environment.EpisodeLength.mean": {
            "value": 15.919263456090652,
            "min": 15.069425901201603,
            "max": 27.66983372921615,
            "count": 15
        },
        "Tank.Environment.EpisodeLength.sum": {
            "value": 11239.0,
            "min": 11239.0,
            "max": 11649.0,
            "count": 15
        },
        "Tank.Policy.ExtrinsicValueEstimate.mean": {
            "value": 0.8157954812049866,
            "min": 0.6706835031509399,
            "max": 0.8260034322738647,
            "count": 15
        },
        "Tank.Policy.ExtrinsicValueEstimate.sum": {
            "value": 575.9515991210938,
            "min": 285.711181640625,
            "max": 618.6765747070312,
            "count": 15
        },
        "Tank.Environment.CumulativeReward.mean": {
            "value": 0.8176048125955606,
            "min": 0.6145140837195894,
            "max": 0.8372429866338763,
            "count": 15
        },
        "Tank.Environment.CumulativeReward.sum": {
            "value": 577.2289976924658,
            "min": 260.5469991751015,
            "max": 627.0949969887733,
            "count": 15
        },
        "Tank.Policy.ExtrinsicReward.mean": {
            "value": 0.8176048125955606,
            "min": 0.6145140837195894,
            "max": 0.8372429866338763,
            "count": 15
        },
        "Tank.Policy.ExtrinsicReward.sum": {
            "value": 577.2289976924658,
            "min": 260.5469991751015,
            "max": 627.0949969887733,
            "count": 15
        },
        "Tank.IsTraining.mean": {
            "value": 1.0,
            "min": 1.0,
            "max": 1.0,
            "count": 15
        },
        "Tank.IsTraining.sum": {
            "value": 1.0,
            "min": 1.0,
            "max": 1.0,
            "count": 15
        },
        "Tank.Losses.PolicyLoss.mean": {
            "value": 0.07170267033531369,
            "min": 0.06667807778760713,
            "max": 0.07508162216360992,
            "count": 14
        },
        "Tank.Losses.PolicyLoss.sum": {
            "value": 0.07170267033531369,
            "min": 0.06667807778760713,
            "max": 0.07508162216360992,
            "count": 14
        },
        "Tank.Losses.ValueLoss.mean": {
            "value": 0.02214512642783423,
            "min": 0.02032150127924979,
            "max": 0.03268068907161554,
            "count": 14
        },
        "Tank.Losses.ValueLoss.sum": {
            "value": 0.02214512642783423,
            "min": 0.02032150127924979,
            "max": 0.03268068907161554,
            "count": 14
        },
        "Tank.Policy.LearningRate.mean": {
            "value": 0.00019898343367219995,
            "min": 0.00019898343367219995,
            "max": 0.000292758002414,
            "count": 14
        },
        "Tank.Policy.LearningRate.sum": {
            "value": 0.00019898343367219995,
            "min": 0.00019898343367219995,
            "max": 0.000292758002414,
            "count": 14
        },
        "Tank.Policy.Epsilon.mean": {
            "value": 0.16632780000000003,
            "min": 0.16632780000000003,
            "max": 0.197586,
            "count": 14
        },
        "Tank.Policy.Epsilon.sum": {
            "value": 0.16632780000000003,
            "min": 0.16632780000000003,
            "max": 0.197586,
            "count": 14
        },
        "Tank.Policy.Beta.mean": {
            "value": 0.0006666452200000002,
            "min": 0.0006666452200000002,
            "max": 0.0009761014,
            "count": 14
        },
        "Tank.Policy.Beta.sum": {
            "value": 0.0006666452200000002,
            "min": 0.0006666452200000002,
            "max": 0.0009761014,
            "count": 14
        }
    },
    "metadata": {
        "timer_format_version": "0.1.0",
        "start_time_seconds": "1615552163",
        "python_version": "3.8.5 (default, Sep  3 2020, 21:29:08) [MSC v.1916 64 bit (AMD64)]",
        "command_line_arguments": "C:\\Users\\aaa\\anaconda3\\Scripts\\mlagents-learn test.yaml --run-id=reset1_2 --initialize-from=reset1_1",
        "mlagents_version": "0.24.1",
        "mlagents_envs_version": "0.24.1",
        "communication_protocol_version": "1.4.0",
        "pytorch_version": "1.7.0+cu110",
        "numpy_version": "1.18.5",
        "end_time_seconds": "1615552925"
    },
    "total": 761.9266439,
    "count": 1,
    "self": 0.005007399999954032,
    "children": {
        "run_training.setup": {
            "total": 0.17214750000000012,
            "count": 1,
            "self": 0.17214750000000012
        },
        "TrainerController.start_learning": {
            "total": 761.749489,
            "count": 1,
            "self": 0.5524892999965232,
            "children": {
                "TrainerController._reset_env": {
                    "total": 10.4287593,
                    "count": 1,
                    "self": 10.4287593
                },
                "TrainerController.advance": {
                    "total": 750.2482143000034,
                    "count": 29052,
                    "self": 0.27531010000245715,
                    "children": {
                        "env_step": {
                            "total": 749.9729042000009,
                            "count": 29052,
                            "self": 665.6263868000067,
                            "children": {
                                "SubprocessEnvManager._take_step": {
                                    "total": 84.01061469999874,
                                    "count": 29052,
                                    "self": 0.9375177999924489,
                                    "children": {
                                        "TorchPolicy.evaluate": {
                                            "total": 83.07309690000629,
                                            "count": 20784,
                                            "self": 21.134129800006725,
                                            "children": {
                                                "TorchPolicy.sample_actions": {
                                                    "total": 61.938967099999566,
                                                    "count": 20784,
                                                    "self": 61.938967099999566
                                                }
                                            }
                                        }
                                    }
                                },
                                "workers": {
                                    "total": 0.3359026999955148,
                                    "count": 29051,
                                    "self": 0.0,
                                    "children": {
                                        "worker_root": {
                                            "total": 752.6064511999954,
                                            "count": 29051,
                                            "is_parallel": true,
                                            "self": 147.45704819998912,