{
    "name": "root",
    "gauges": {
        "Tank.Policy.Entropy.mean": {
            "value": 1.605512022972107,
            "min": 1.5903916358947754,
            "max": 4.268647193908691,
            "count": 100
        },
        "Tank.Environment.EpisodeLength.mean": {
            "value": 39.60162601626016,
            "min": 37.8671875,
            "max": 181.01785714285714,
            "count": 100
        },
        "Tank.Policy.ExtrinsicValueEstimate.mean": {
            "value": 0.7959187030792236,
            "min": -0.5265957713127136,
            "max": 0.8105156421661377,
            "count": 100
        },
        "Tank.Environment.CumulativeReward.mean": {
            "value": 0.9838056680161943,
            "min": -0.7142857142857143,
            "max": 0.9844357976653697,
            "count": 100
        },
        "Tank.Policy.ExtrinsicReward.mean": {
            "value": 0.9838056680161943,
            "min": -0.7142857142857143,
            "max": 0.9844357976653697,
            "count": 100
        },
        "Tank.Losses.PolicyLoss.mean": {
            "value": 0.24180832887480821,
            "min": 0.23759128571542157,
            "max": 0.25449390871208777,
            "count": 100
        },
        "Tank.Losses.ValueLoss.mean": {
            "value": 0.015101888744523282,
            "min": 0.015101888744523282,
            "max": 2.101248318792958,
            "count": 100
        },
        "Tank.Policy.LearningRate.mean": {
            "value": 2.469170934757145e-06,
            "min": 2.469170934757145e-06,
            "max": 0.0004974858162923106,
            "count": 100
        },
        "Tank.Policy.Epsilon.mean": {
            "value": 0.10049381428571429,
            "min": 0.10049381428571429,
            "max": 0.19949716315789473,
            "count": 100
        },
        "Tank.Policy.Beta.mean": {
            "value": 1.241969e-05,
            "min": 1.241969e-05,
            "max": 0.0004975360994736842,
            "count": 100
        },
        "Tank.IsTraining.mean": {
            "value": 1.0,
            "min": 1.0,
            "max": 1.0,
            "count": 100
        }
    },
    "metadata": {
        "timer_format_version": "0.1.0",
        "start_time_seconds": "1614900805",
        "python_version": "3.8.7 (tags/v3.8.7:6503f05, Dec 21 2020, 17:59:51) [MSC v.1928 64 bit (AMD64)]",
        "command_line_arguments": "C:\\Users\\hs169\\AppData\\Local\\Programs\\Python\\Python38\\Scripts\\mlagents-learn .\\config\\all.yaml --run-id=step1 --force",
        "mlagents_version": "0.23.0",
        "mlagents_envs_version": "0.23.0",
        "communication_protocol_version": "1.3.0",
        "pytorch_version": "1.7.1",
        "numpy_version": "1.19.5",
        "end_time_seconds": "1614908925"
    },
    "total": 8119.168232399999,
    "count": 1,
    "self": 0.009476100000028964,
    "children": {
        "run_training.setup": {
            "total": 0.006574099999999916,
            "count": 1,
            "self": 0.006574099999999916
        },
        "TrainerController.start_learning": {
            "total": 8119.1521821999995,
            "count": 1,
            "self": 2.8081429000212665,
            "children": {
                "TrainerController._reset_env": {
                    "total": 8.1222049,
                    "count": 1,
                    "self": 8.1222049
                },
                "TrainerController.advance": {
                    "total": 8108.100258299979,
                    "count": 125516,
                    "self": 1.380907600019782,
                    "children": {
                        "env_step": {
                            "total": 8106.719350699959,
                            "count": 125516,
                            "self": 7476.33579489999,
                            "children": {
                                "SubprocessEnvManager._take_step": {
                                    "total": 628.9497879998502,
                                    "count": 125516,
                                    "self": 6.597966099725795,
                                    "children": {
                                        "TorchPolicy.evaluate": {
                                            "total": 622.3518219001244,
                                            "count": 111140,
                                            "self": 143.83802350017373,
                                            "children": {
                                                "TorchPolicy.sample_actions": {
                                                    "total": 478.51379839995064,
                                                    "count": 111140,
                                                    "self": 478.51379839995064
                                                }
                                            }
                                        }
                                    }
                                },
                                "workers": {
                                    "total": 1.4337678001191545,
                                    "count": 125516,
                                    "self": 0.0,
                                    "children": {
                                        "worker_root": {
                                            "total": 8108.363030899988,
                                            "count": 125516,
                                            "is_parallel": true,
                                            "self": 817.3000439997904,
                                            "children": {
                                                "steps_from_proto": {
                                                    "total": 0.002135800000000465,
                                                    "count": 1,
                                                    "is_parallel": true,
                                                    "self": 0.00019640000000187285,
                                                    "children": {
                                                        "_process_vector_observation": {
                                                            "total": 0.0019393999999985922,
                                                            "count": 6,
                                                            "is_parallel": true,
                                                            "self": 0.0019393999999985922
                                                        }
                                                    }
                                                },
                                                "UnityEnvironment.step": {
                                                    "total": 7291.060851100197,
                                                    "count": 125516,
                                                    "is_parallel": true,
                                                    "self": 14.29178370009231,
                                                    "children": {
                                                        "UnityEnvironment._generate_step_input": {
                                                            "total": 47.31970380012466,
                                                            "count": 125516,
                                                            "is_parallel": true,
                                                            "self": 47.31970380012466
                                                        },
                                                        "communicator.exchange": {
                                                            "total": 7003.197282500033,
                                                            "count": 125516,
                                                            "is_parallel": true,