{
    "name": "root",
    "gauges": {
        "Tank.Policy.Entropy.mean": {
            "value": 2.505573272705078,
            "min": 2.459801197052002,
            "max": 3.1041128635406494,
            "count": 41
        },
        "Tank.Policy.Entropy.sum": {
            "value": 30352.515625,
            "min": 29457.8984375,
            "max": 37659.09765625,
            "count": 41
        },
        "Tank.Environment.EpisodeLength.mean": {
            "value": 82.4375,
            "min": 81.0958904109589,
            "max": 84.177304964539,
            "count": 41
        },
        "Tank.Environment.EpisodeLength.sum": {
            "value": 11871.0,
            "min": 11716.0,
            "max": 12021.0,
            "count": 41
        },
        "Tank.Policy.ExtrinsicValueEstimate.mean": {
            "value": -0.15177321434020996,
            "min": -0.1919143795967102,
            "max": -0.049610868096351624,
            "count": 41
        },
        "Tank.Policy.ExtrinsicValueEstimate.sum": {
            "value": -21.855342864990234,
            "min": -27.251842498779297,
            "max": -7.243186950683594,
            "count": 41
        },
        "Tank.Environment.CumulativeReward.mean": {
            "value": -0.5638402640405629,
            "min": -0.6352605544765231,
            "max": -0.531496539198119,
            "count": 41
        },
        "Tank.Environment.CumulativeReward.sum": {
            "value": -81.19299802184105,
            "min": -90.20699873566628,
            "max": -77.06699818372726,
            "count": 41
        },
        "Tank.Policy.ExtrinsicReward.mean": {
            "value": -0.5638402640405629,
            "min": -0.6352605544765231,
            "max": -0.531496539198119,
            "count": 41
        },
        "Tank.Policy.ExtrinsicReward.sum": {
            "value": -81.19299802184105,
            "min": -90.20699873566628,
            "max": -77.06699818372726,
            "count": 41
        },
        "Tank.IsTraining.mean": {
            "value": 1.0,
            "min": 1.0,
            "max": 1.0,
            "count": 41
        },
        "Tank.IsTraining.sum": {
            "value": 1.0,
            "min": 1.0,
            "max": 1.0,
            "count": 41
        },
        "Tank.Losses.PolicyLoss.mean": {
            "value": 0.0724243792462706,
            "min": 0.06429354654314617,
            "max": 0.07980196405337968,
            "count": 40
        },
        "Tank.Losses.PolicyLoss.sum": {
            "value": 0.0724243792462706,
            "min": 0.06429354654314617,
            "max": 0.07980196405337968,
            "count": 40
        },
        "Tank.Losses.ValueLoss.mean": {
            "value": 0.041577386300389964,
            "min": 0.025445194514468313,
            "max": 0.04188603451475501,
            "count": 40
        },
        "Tank.Losses.ValueLoss.sum": {
            "value": 0.041577386300389964,
            "min": 0.025445194514468313,
            "max": 0.04188603451475501,
            "count": 40
        },
        "Tank.Policy.LearningRate.mean": {
            "value": 1.0775496408200003e-05,
            "min": 1.0775496408200003e-05,
            "max": 0.00029270100243300007,
            "count": 40
        },
        "Tank.Policy.LearningRate.sum": {
            "value": 1.0775496408200003e-05,
            "min": 1.0775496408200003e-05,
            "max": 0.00029270100243300007,
            "count": 40
        },
        "Tank.Policy.Epsilon.mean": {
            "value": 0.10359180000000001,
            "min": 0.10359180000000001,
            "max": 0.19756700000000002,
            "count": 40
        },
        "Tank.Policy.Epsilon.sum": {
            "value": 0.10359180000000001,
            "min": 0.10359180000000001,
            "max": 0.19756700000000002,
            "count": 40
        },
        "Tank.Policy.Beta.mean": {
            "value": 4.5558819999999996e-05,
            "min": 4.5558819999999996e-05,
            "max": 0.0009759133,
            "count": 40
        },
        "Tank.Policy.Beta.sum": {
            "value": 4.5558819999999996e-05,
            "min": 4.5558819999999996e-05,
            "max": 0.0009759133,
            "count": 40
        }
    },
    "metadata": {
        "timer_format_version": "0.1.0",
        "start_time_seconds": "1615488137",
        "python_version": "3.8.5 (default, Sep  3 2020, 21:29:08) [MSC v.1916 64 bit (AMD64)]",
        "command_line_arguments": "C:\\Users\\aaa\\anaconda3\\Scripts\\mlagents-learn test.yaml --run-id=continuous1_3 --initialize-from=continuous1_2",
        "mlagents_version": "0.24.1",
        "mlagents_envs_version": "0.24.1",
        "communication_protocol_version": "1.4.0",
        "pytorch_version": "1.7.0+cu110",
        "numpy_version": "1.18.5",
        "end_time_seconds": "1615489928"
    },
    "total": 1790.1868812,
    "count": 1,
    "self": 0.006903799999918192,
    "children": {
        "run_training.setup": {
            "total": 0.1744406999999999,
            "count": 1,
            "self": 0.1744406999999999
        },
        "TrainerController.start_learning": {
            "total": 1790.0055367,
            "count": 1,
            "self": 1.1983321999955479,
            "children": {
                "TrainerController._reset_env": {
                    "total": 18.8526607,
                    "count": 1,
                    "self": 18.8526607
                },
                "TrainerController.advance": {
                    "total": 1769.8193485000047,
                    "count": 60960,
                    "self": 0.5601775999964502,
                    "children": {
                        "env_step": {
                            "total": 1769.2591709000083,
                            "count": 60960,
                            "self": 1522.793184699995,
                            "children": {
                                "SubprocessEnvManager._take_step": {
                                    "total": 245.75595460000966,
                                    "count": 60960,
                                    "self": 2.399448699980553,
                                    "children": {
                                        "TorchPolicy.evaluate": {
                                            "total": 243.3565059000291,
                                            "count": 55606,
                                            "self": 64.90019780001887,
                                            "children": {
                                                "TorchPolicy.sample_actions": {
                                                    "total": 178.45630810001023,
                                                    "count": 55606,
                                                    "self": 178.45630810001023
                                                }
                                            }
                                        }
                                    }
                                },
                                "workers": {
                                    "total": 0.7100316000036138,
                                    "count": 60960,
                                    "self": 0.0,
                                    "children": {
                                        "worker_root": {
                                            "total": 1772.0452163000023,
                                            "count": 60960,
                                            "is_parallel": true,
                                            "self": 319.61134150003954,