{
    "name": "root",
    "metadata": {
        "timer_format_version": "0.1.0",
        "start_time_seconds": "1617095820",
        "python_version": "3.8.5 (default, Sep  3 2020, 21:29:08) [MSC v.1916 64 bit (AMD64)]",
        "command_line_arguments": "C:\\Users\\aaa\\anaconda3\\Scripts\\mlagents-learn --run-id=tankb_kaji2",
        "mlagents_version": "0.24.1",
        "mlagents_envs_version": "0.24.1",
        "communication_protocol_version": "1.4.0",
        "pytorch_version": "1.7.0+cu110",
        "numpy_version": "1.18.5",
        "end_time_seconds": "1617095892"
    },
    "total": 72.4500762,
    "count": 1,
    "self": 0.0033104999999977736,
    "children": {
        "run_training.setup": {
            "total": 0.1451939,
            "count": 1,
            "self": 0.1451939
        },
        "TrainerController.start_learning": {
            "total": 72.3015718,
            "count": 1,
            "self": 0.05740080000002479,
            "children": {
                "TrainerController._reset_env": {
                    "total": 17.0673765,
                    "count": 1,
                    "self": 17.0673765
                },
                "TrainerController.advance": {
                    "total": 54.45989609999999,
                    "count": 2714,
                    "self": 0.026648999999963507,
                    "children": {
                        "env_step": {
                            "total": 54.433247100000024,
                            "count": 2714,
                            "self": 28.278742400000002,
                            "children": {
                                "SubprocessEnvManager._take_step": {
                                    "total": 26.12593140000013,
                                    "count": 2714,
                                    "self": 0.29470869999992644,
                                    "children": {
                                        "TorchPolicy.evaluate": {
                                            "total": 25.831222700000204,
                                            "count": 8142,
                                            "self": 6.622011600000171,
                                            "children": {
                                                "TorchPolicy.sample_actions": {
                                                    "total": 19.209211100000033,
                                                    "count": 8142,
                                                    "self": 19.209211100000033
                                                }
                                            }
                                        }
                                    }
                                },
                                "workers": {
                                    "total": 0.028573299999891333,
                                    "count": 2713,
                                    "self": 0.0,
                                    "children": {
                                        "worker_root": {
                                            "total": 57.06314209999976,
                                            "count": 2713,
                                            "is_parallel": true,
                                            "self": 31.331418299999793,
                                            "children": {
                                                "steps_from_proto": {
                                                    "total": 0.0007820000000009486,
                                                    "count": 3,
                                                    "is_parallel": true,
                                                    "self": 0.00031489999999756435,
                                                    "children": {
                                                        "_process_vector_observation": {
                                                            "total": 0.00046710000000338425,
                                                            "count": 18,
                                                            "is_parallel": true,
                                                            "self": 0.00046710000000338425
                                                        }
                                                    }
                                                },
                                                "UnityEnvironment.step": {
                                                    "total": 25.730941799999965,
                                                    "count": 2713,
                                                    "is_parallel": true,
                                                    "self": 0.18649330000035036,
                                                    "children": {
                                                        "UnityEnvironment._generate_step_input": {
                                                            "total": 0.5493773000000566,
                                                            "count": 2713,
                                                            "is_parallel": true,
                                                            "self": 0.5493773000000566
                                                        },
                                                        "communicator.exchange": {
                                                            "total": 23.299320899999977,
                                                            "count": 2713,
                                                            "is_parallel": true,
                                                            "self": 23.299320899999977
                                                        },
                                                        "steps_from_proto": {
                                                            "total": 1.695750299999581,
                                                            "count": 8139,
                                                            "is_parallel": true,
                                                            "self": 0.7067938000003942,
                                                            "children": {
                                                                "_process_vector_observation": {
                                                                    "total": 0.9889564999991869,
                                                                    "count": 48834,
                                                                    "is_parallel": true,
                                                                    "self": 0.9889564999991869
                                                                }
                                                            }
                                                        }
                                                    }
                                                }
                                            }
                                        }
                                    }
                                }
                            }
                        }
                    }
                },
                "trainer_threads": {
                    "total": 2.4199999998586463e-05,
                    "count": 1,
                    "self": 2.4199999998586463e-05,
                    "children": {
                        "thread_root": {
                            "total": 0.0,
                            "count": 0,
                            "is_parallel": true,
                            "self": 0.0,