{
    "name": "root",
    "metadata": {
        "timer_format_version": "0.1.0",
        "start_time_seconds": "1615471492",
        "python_version": "3.8.5 (default, Sep  3 2020, 21:29:08) [MSC v.1916 64 bit (AMD64)]",
        "command_line_arguments": "C:\\Users\\aaa\\anaconda3\\Scripts\\mlagents-learn test.yaml --run-id=raycast2_2 --initialize-from=raycast2",
        "mlagents_version": "0.24.1",
        "mlagents_envs_version": "0.24.1",
        "communication_protocol_version": "1.4.0",
        "pytorch_version": "1.7.0+cu110",
        "numpy_version": "1.18.5",
        "end_time_seconds": "1615471595"
    },
    "total": 102.894449,
    "count": 1,
    "self": 0.005626399999997034,
    "children": {
        "run_training.setup": {
            "total": 0.16941450000000002,
            "count": 1,
            "self": 0.16941450000000002
        },
        "TrainerController.start_learning": {
            "total": 102.7194081,
            "count": 1,
            "self": 0.02377250000004949,
            "children": {
                "TrainerController._reset_env": {
                    "total": 8.1546199,
                    "count": 1,
                    "self": 8.1546199
                },
                "TrainerController.advance": {
                    "total": 94.01403209999995,
                    "count": 1239,
                    "self": 0.011808499999929722,
                    "children": {
                        "env_step": {
                            "total": 94.00222360000002,
                            "count": 1239,
                            "self": 89.6174154999999,
                            "children": {
                                "SubprocessEnvManager._take_step": {
                                    "total": 4.3712100000000635,
                                    "count": 1239,
                                    "self": 0.046076500000125975,
                                    "children": {
                                        "TorchPolicy.evaluate": {
                                            "total": 4.325133499999938,
                                            "count": 1081,
                                            "self": 0.8157370000000199,
                                            "children": {
                                                "TorchPolicy.sample_actions": {
                                                    "total": 3.5093964999999177,
                                                    "count": 1081,
                                                    "self": 3.5093964999999177
                                                }
                                            }
                                        }
                                    }
                                },
                                "workers": {
                                    "total": 0.013598100000070446,
                                    "count": 1238,
                                    "self": 0.0,
                                    "children": {
                                        "worker_root": {
                                            "total": 36.50896430000001,
                                            "count": 1238,
                                            "is_parallel": true,
                                            "self": 8.100237899999975,
                                            "children": {
                                                "steps_from_proto": {
                                                    "total": 0.0009817999999999216,
                                                    "count": 1,
                                                    "is_parallel": true,
                                                    "self": 0.00017110000000108982,
                                                    "children": {
                                                        "_process_vector_observation": {
                                                            "total": 0.0008106999999988318,
                                                            "count": 6,
                                                            "is_parallel": true,
                                                            "self": 0.0008106999999988318
                                                        }
                                                    }
                                                },
                                                "UnityEnvironment.step": {
                                                    "total": 28.407744600000033,
                                                    "count": 1238,
                                                    "is_parallel": true,
                                                    "self": 0.10547169999997763,
                                                    "children": {
                                                        "UnityEnvironment._generate_step_input": {
                                                            "total": 0.4449329000000102,
                                                            "count": 1238,
                                                            "is_parallel": true,
                                                            "self": 0.4449329000000102
                                                        },
                                                        "communicator.exchange": {
                                                            "total": 26.833137400000027,
                                                            "count": 1238,
                                                            "is_parallel": true,
                                                            "self": 26.833137400000027
                                                        },
                                                        "steps_from_proto": {
                                                            "total": 1.0242026000000148,
                                                            "count": 1238,
                                                            "is_parallel": true,
                                                            "self": 0.17510059999974992,
                                                            "children": {
                                                                "_process_vector_observation": {
                                                                    "total": 0.8491020000002649,
                                                                    "count": 7428,
                                                                    "is_parallel": true,
                                                                    "self": 0.8491020000002649
                                                                }
                                                            }
                                                        }
                                                    }
                                                }
                                            }
                                        }
                                    }
                                }
                            }
                        }
                    }
                },
                "TrainerController._save_models": {
                    "total": 0.5269835999999941,
                    "count": 1,
                    "self": 0.007628999999994335,
                    "children": {
                        "RLTrainer._checkpoint": {
                            "total": 0.5193545999999998,
                            "count": 1,