{
    "name": "root",
    "gauges": {
        "TankA1.Policy.Entropy.mean": {
            "value": 3.587246894836426,
            "min": 3.5646843910217285,
            "max": 3.6629366874694824,
            "count": 10
        },
        "TankA1.Policy.Entropy.sum": {
            "value": 179667.265625,
            "min": 178376.8125,
            "max": 183227.421875,
            "count": 10
        },
        "TankA1.Policy.ExtrinsicValueEstimate.mean": {
            "value": 7.514466762542725,
            "min": 6.956179141998291,
            "max": 7.521840572357178,
            "count": 10
        },
        "TankA1.Policy.ExtrinsicValueEstimate.sum": {
            "value": 6507.5283203125,
            "min": 5877.97119140625,
            "max": 6507.5283203125,
            "count": 10
        },
        "TankA1.Environment.EpisodeLength.mean": {
            "value": 327.03225806451616,
            "min": 325.3157894736842,
            "max": 448.7909090909091,
            "count": 10
        },
        "TankA1.Environment.EpisodeLength.sum": {
            "value": 50690.0,
            "min": 48089.0,
            "max": 50803.0,
            "count": 10
        },
        "TankA1.Environment.CumulativeReward.mean": {
            "value": 26.7199952698523,
            "min": 26.04381120557848,
            "max": 37.17172067273747,
            "count": 10
        },
        "TankA1.Environment.CumulativeReward.sum": {
            "value": 4141.5992668271065,
            "min": 3463.059325635433,
            "max": 4141.5992668271065,
            "count": 10
        },
        "TankA1.Policy.ExtrinsicReward.mean": {
            "value": 26.7199952698523,
            "min": 26.04381120557848,
            "max": 37.17172067273747,
            "count": 10
        },
        "TankA1.Policy.ExtrinsicReward.sum": {
            "value": 4141.5992668271065,
            "min": 3463.059325635433,
            "max": 4141.5992668271065,
            "count": 10
        },
        "TankA1.Losses.PolicyLoss.mean": {
            "value": 0.022074656486511232,
            "min": 0.02132046698126942,
            "max": 0.02453876001527533,
            "count": 10
        },
        "TankA1.Losses.PolicyLoss.sum": {
            "value": 0.11037328243255616,
            "min": 0.0876781537507971,
            "max": 0.12026803980115802,
            "count": 10
        },
        "TankA1.Losses.ValueLoss.mean": {
            "value": 1.8659789021809896,
            "min": 1.567771948973338,
            "max": 2.360349955161413,
            "count": 10
        },
        "TankA1.Losses.ValueLoss.sum": {
            "value": 9.329894510904948,
            "min": 6.934257785479228,
            "max": 10.482283473014832,
            "count": 10
        },
        "TankA1.Policy.LearningRate.mean": {
            "value": 1.6511014496359992e-05,
            "min": 1.6511014496359992e-05,
            "max": 0.0002846067051310999,
            "count": 10
        },
        "TankA1.Policy.LearningRate.sum": {
            "value": 8.255507248179997e-05,
            "min": 8.255507248179997e-05,
            "max": 0.0012842952719016,
            "count": 10
        },
        "TankA1.Policy.Epsilon.mean": {
            "value": 0.10550364000000001,
            "min": 0.10550364000000001,
            "max": 0.19486890000000004,
            "count": 10
        },
        "TankA1.Policy.Epsilon.sum": {
            "value": 0.5275182,
            "min": 0.5001446000000002,
            "max": 0.9280984,
            "count": 10
        },
        "TankA1.Policy.Beta.mean": {
            "value": 0.00028463163600000004,
            "min": 0.00028463163600000004,
            "max": 0.00474395811,
            "count": 10
        },
        "TankA1.Policy.Beta.sum": {
            "value": 0.0014231581800000003,
            "min": 0.0014231581800000003,
            "max": 0.021412110160000004,
            "count": 10
        },
        "TankA1.IsTraining.mean": {
            "value": 1.0,
            "min": 1.0,
            "max": 1.0,
            "count": 10
        },
        "TankA1.IsTraining.sum": {
            "value": 1.0,
            "min": 1.0,
            "max": 1.0,
            "count": 10
        }
    },
    "metadata": {
        "timer_format_version": "0.1.0",
        "start_time_seconds": "1617275848",
        "python_version": "3.8.7 (tags/v3.8.7:6503f05, Dec 21 2020, 17:59:51) [MSC v.1928 64 bit (AMD64)]",
        "command_line_arguments": "D:\\Project\\UNITY\\ml-agents\\ML-tanks\\mlagents\\Scripts\\mlagents-learn --run-id=target --initialize-from=targettest --force",
        "mlagents_version": "0.25.0",
        "mlagents_envs_version": "0.25.0",
        "communication_protocol_version": "1.5.0",
        "pytorch_version": "1.7.1+cu110",
        "numpy_version": "1.20.1",
        "end_time_seconds": "1617277251"
    },
    "total": 1402.1961775,
    "count": 1,
    "self": 0.00516749999997046,
    "children": {
        "run_training.setup": {
            "total": 0.024604199999999965,
            "count": 1,
            "self": 0.024604199999999965
        },
        "TrainerController.start_learning": {
            "total": 1402.1664058,
            "count": 1,
            "self": 1.2777635000093142,
            "children": {
                "TrainerController._reset_env": {
                    "total": 6.6030646,
                    "count": 1,
                    "self": 6.6030646
                },
                "TrainerController.advance": {
                    "total": 1394.1687758999908,
                    "count": 56631,
                    "self": 0.6096500000023752,
                    "children": {
                        "env_step": {
                            "total": 1393.5591258999884,
                            "count": 56631,
                            "self": 1084.9514922999688,
                            "children": {
                                "SubprocessEnvManager._take_step": {
                                    "total": 307.9465064000224,
                                    "count": 56631,
                                    "self": 2.781506000025729,
                                    "children": {
                                        "TorchPolicy.evaluate": {
                                            "total": 305.16500039999664,
                                            "count": 55608,
                                            "self": 74.27854330000807,
                                            "children": {
                                                "TorchPolicy.sample_actions": {
                                                    "total": 230.88645709998858,
                                                    "count": 55608,
                                                    "self": 230.88645709998858
                                                }
                                            }
                                        }
                                    }
                                },
                                "workers": {
                                    "total": 0.6611271999972654,
                                    "count": 56631,
                                    "self": 0.0,
                                    "children": {
                                        "worker_root": {
                                            "total": 1395.2476483000016,
                                            "count": 56631,
                                            "is_parallel": true,
                                            "self": 384.29980930001943,
                                            "children": {
                                                "steps_from_proto": {
                                                    "total": 0.00082080000000051,
                                                    "count": 1,