{
    "name": "root",
    "gauges": {
        "MyBehavior.Policy.Entropy.mean": {
            "value": 1.8638170957565308,
            "min": 1.7753198146820068,
            "max": 1.918615698814392,
            "count": 10
        },
        "MyBehavior.Policy.Entropy.sum": {
            "value": 93215.0859375,
            "min": 88597.3359375,
            "max": 96214.7421875,
            "count": 10
        },
        "MyBehavior.Environment.EpisodeLength.mean": {
            "value": 63.458868894601544,
            "min": 62.3590391908976,
            "max": 70.86311239193084,
            "count": 10
        },
        "MyBehavior.Environment.EpisodeLength.sum": {
            "value": 49371.0,
            "min": 48996.0,
            "max": 49423.0,
            "count": 10
        },
        "MyBehavior.Policy.ExtrinsicValueEstimate.mean": {
            "value": -0.4067409336566925,
            "min": -0.4446108937263489,
            "max": -0.35980120301246643,
            "count": 10
        },
        "MyBehavior.Policy.ExtrinsicValueEstimate.sum": {
            "value": -431.5521240234375,
            "min": -497.0749816894531,
            "max": -385.4041442871094,
            "count": 10
        },
        "MyBehavior.Environment.CumulativeReward.mean": {
            "value": -0.5627515909754631,
            "min": -0.5686017543491914,
            "max": -0.48258439433179035,
            "count": 10
        },
        "MyBehavior.Environment.CumulativeReward.sum": {
            "value": -437.2579861879349,
            "min": -449.76398769021034,
            "max": -334.4309852719307,
            "count": 10
        },
        "MyBehavior.Policy.ExtrinsicReward.mean": {
            "value": -0.5627515909754631,
            "min": -0.5686017543491914,
            "max": -0.48258439433179035,
            "count": 10
        },
        "MyBehavior.Policy.ExtrinsicReward.sum": {
            "value": -437.2579861879349,
            "min": -449.76398769021034,
            "max": -334.4309852719307,
            "count": 10
        },
        "MyBehavior.Losses.PolicyLoss.mean": {
            "value": 0.02303962601814419,
            "min": 0.02244068472025295,
            "max": 0.027512262631207707,
            "count": 10
        },
        "MyBehavior.Losses.PolicyLoss.sum": {
            "value": 0.11519813009072095,
            "min": 0.09382417794937889,
            "max": 0.13756131315603853,
            "count": 10
        },
        "MyBehavior.Losses.ValueLoss.mean": {
            "value": 0.041204977035522464,
            "min": 0.0360579098109156,
            "max": 0.04512836933135987,
            "count": 10
        },
        "MyBehavior.Losses.ValueLoss.sum": {
            "value": 0.2060248851776123,
            "min": 0.1442316392436624,
            "max": 0.22482545872529347,
            "count": 10
        },
        "MyBehavior.Policy.LearningRate.mean": {
            "value": 1.660857446384e-05,
            "min": 1.660857446384e-05,
            "max": 0.00028458645513785,
            "count": 10
        },
        "MyBehavior.Policy.LearningRate.sum": {
            "value": 8.30428723192e-05,
            "min": 8.30428723192e-05,
            "max": 0.0012842706719097996,
            "count": 10
        },
        "MyBehavior.Policy.Epsilon.mean": {
            "value": 0.10553616000000002,
            "min": 0.10553616000000002,
            "max": 0.19486215000000004,
            "count": 10
        },
        "MyBehavior.Policy.Epsilon.sum": {
            "value": 0.5276808000000001,
            "min": 0.5002338,
            "max": 0.9280902000000001,
            "count": 10
        },
        "MyBehavior.Policy.Beta.mean": {
            "value": 0.000286254384,
            "min": 0.000286254384,
            "max": 0.004743621285,
            "count": 10
        },
        "MyBehavior.Policy.Beta.sum": {
            "value": 0.00143127192,
            "min": 0.00143127192,
            "max": 0.02141170098,
            "count": 10
        },
        "MyBehavior.IsTraining.mean": {
            "value": 1.0,
            "min": 1.0,
            "max": 1.0,
            "count": 10
        },
        "MyBehavior.IsTraining.sum": {
            "value": 1.0,
            "min": 1.0,
            "max": 1.0,
            "count": 10
        },
        "TankA1.Policy.Entropy.mean": {
            "value": 4.198822021484375,
            "min": 4.1566972732543945,
            "max": 4.24465799331665,
            "count": 10
        },
        "TankA1.Policy.Entropy.sum": {
            "value": 209768.9375,
            "min": 208038.546875,
            "max": 212736.046875,
            "count": 10
        },
        "TankA1.Policy.ExtrinsicValueEstimate.mean": {
            "value": 4.9149651527404785,
            "min": 4.187348365783691,
            "max": 5.028808116912842,
            "count": 10
        },
        "TankA1.Policy.ExtrinsicValueEstimate.sum": {
            "value": 4934.625,
            "min": 4158.037109375,
            "max": 5028.80810546875,
            "count": 10
        },
        "TankA1.Environment.EpisodeLength.mean": {
            "value": 175.30633802816902,
            "min": 175.30633802816902,
            "max": 197.9291338582677,
            "count": 10
        },
        "TankA1.Environment.EpisodeLength.sum": {
            "value": 49787.0,
            "min": 48411.0,
            "max": 50274.0,
            "count": 10
        },
        "TankA1.Environment.CumulativeReward.mean": {
            "value": 11.198872310489836,
            "min": 10.589060332291588,
            "max": 12.014346831572661,
            "count": 10
        },
        "TankA1.Environment.CumulativeReward.sum": {
            "value": 3180.4797361791134,
            "min": 2594.319781411439,
            "max": 3315.9597255140543,
            "count": 10
        },
        "TankA1.Policy.ExtrinsicReward.mean": {
            "value": 11.198872310489836,
            "min": 10.589060332291588,
            "max": 12.014346831572661,
            "count": 10
        },
        "TankA1.Policy.ExtrinsicReward.sum": {
            "value": 3180.4797361791134,
            "min": 2594.319781411439,
            "max": 3315.9597255140543,
            "count": 10
        },
        "TankA1.Losses.PolicyLoss.mean": {
            "value": 0.025383813843751945,
            "min": 0.022265729055895155,
            "max": 0.025383813843751945,
            "count": 10
        },
        "TankA1.Losses.PolicyLoss.sum": {
            "value": 0.12691906921875973,
            "min": 0.08906291622358062,
            "max": 0.12691906921875973,
            "count": 10
        },
        "TankA1.Losses.ValueLoss.mean": {
            "value": 1.3066631344954174,
            "min": 0.8866775224606197,
            "max": 1.3616963799794515,
            "count": 10
        },
        "TankA1.Losses.ValueLoss.sum": {
            "value": 6.5333156724770864,
            "min": 3.546710089842479,
            "max": 6.808481899897258,
            "count": 10
        },
        "TankA1.Policy.LearningRate.mean": {
            "value": 1.51752949416e-05,
            "min": 1.51752949416e-05,
            "max": 0.0002840052053316,
            "count": 10
        },
        "TankA1.Policy.LearningRate.sum": {
            "value": 7.5876474708e-05,
            "min": 7.5876474708e-05,
            "max": 0.001279323073559,
            "count": 10
        },
        "TankA1.Policy.Epsilon.mean": {
            "value": 0.1050584,
            "min": 0.1050584,
            "max": 0.19466840000000002,
            "count": 10
        },
        "TankA1.Policy.Epsilon.sum": {
            "value": 0.525292,
            "min": 0.525292,
            "max": 0.9264410000000001,
            "count": 10
        },
        "TankA1.Policy.Beta.mean": {
            "value": 0.0002624141600000001,
            "min": 0.0002624141600000001,
            "max": 0.00473395316,