{
    "name": "root",
    "gauges": {
        "Tank.Policy.Entropy.mean": {
            "value": 1.77022123336792,
            "min": 1.4352216720581055,
            "max": 2.8328309059143066,
            "count": 100
        },
        "Tank.Environment.EpisodeLength.mean": {
            "value": 31.395569620253166,
            "min": 28.316860465116278,
            "max": 88.83185840707965,
            "count": 100
        },
        "Tank.Policy.ExtrinsicValueEstimate.mean": {
            "value": 0.8271893262863159,
            "min": 0.35336557030677795,
            "max": 0.8425199389457703,
            "count": 100
        },
        "Tank.Environment.CumulativeReward.mean": {
            "value": 0.9683544303797469,
            "min": 0.504424778761062,
            "max": 0.9941860465116279,
            "count": 100
        },
        "Tank.Policy.ExtrinsicReward.mean": {
            "value": 0.9683544303797469,
            "min": 0.504424778761062,
            "max": 0.9941860465116279,
            "count": 100
        },
        "Tank.Losses.PolicyLoss.mean": {
            "value": 0.24563365731691555,
            "min": 0.2296552147089002,
            "max": 0.2561630518518295,
            "count": 100
        },
        "Tank.Losses.ValueLoss.mean": {
            "value": 0.01936572558103487,
            "min": 0.008044532037325542,
            "max": 0.10260826921114245,
            "count": 100
        },
        "Tank.Policy.LearningRate.mean": {
            "value": 2.6240691721757593e-06,
            "min": 2.6240691721757593e-06,
            "max": 0.0004974495005101001,
            "count": 100
        },
        "Tank.Policy.Epsilon.mean": {
            "value": 0.10052479393939397,
            "min": 0.10052479393939397,
            "max": 0.19948990000000005,
            "count": 100
        },
        "Tank.Policy.Beta.mean": {
            "value": 1.2571490303030305e-05,
            "min": 1.2571490303030305e-05,
            "max": 0.0004975005100000001,
            "count": 100
        },
        "Tank.IsTraining.mean": {
            "value": 1.0,
            "min": 1.0,
            "max": 1.0,
            "count": 100
        },
        "target.Policy.Entropy.mean": {
            "value": 1.6192865371704102,
            "min": 0.8526499271392822,
            "max": 1.8977609872817993,
            "count": 100
        },
        "target.Environment.EpisodeLength.mean": {
            "value": 31.395569620253166,
            "min": 28.402332361516034,
            "max": 90.45045045045045,
            "count": 100
        },
        "target.Policy.ExtrinsicValueEstimate.mean": {
            "value": -0.8324087262153625,
            "min": -0.8541499972343445,
            "max": -0.4417192339897156,
            "count": 100
        },
        "target.Environment.CumulativeReward.mean": {
            "value": -0.9683544303797469,
            "min": -1.0,
            "max": -0.5315315315315315,
            "count": 100
        },
        "target.Policy.ExtrinsicReward.mean": {
            "value": -0.9683544303797469,
            "min": -1.0,
            "max": -0.5315315315315315,
            "count": 100
        },
        "target.Losses.PolicyLoss.mean": {
            "value": 0.24520305623124913,
            "min": 0.23606985959133114,
            "max": 0.25345992433636977,
            "count": 100
        },
        "target.Losses.ValueLoss.mean": {
            "value": 0.017837476967698176,
            "min": 0.004643406481483668,
            "max": 9.94021077121945,
            "count": 100
        },
        "target.Policy.LearningRate.mean": {
            "value": 2.5287544238464762e-06,
            "min": 2.5287544238464762e-06,
            "max": 0.0004974686538396027,
            "count": 100
        },
        "target.Policy.Epsilon.mean": {
            "value": 0.10050573098591552,
            "min": 0.10050573098591552,
            "max": 0.1994937306666667,
            "count": 100
        },
        "target.Policy.Beta.mean": {
            "value": 1.2478081830985916e-05,
            "min": 1.2478081830985916e-05,
            "max": 0.0004975192802666667,
            "count": 100
        },
        "target.IsTraining.mean": {
            "value": 1.0,
            "min": 1.0,
            "max": 1.0,
            "count": 100
        }
    },
    "metadata": {
        "timer_format_version": "0.1.0",
        "start_time_seconds": "1614861274",
        "python_version": "3.8.7 (tags/v3.8.7:6503f05, Dec 21 2020, 17:59:51) [MSC v.1928 64 bit (AMD64)]",
        "command_line_arguments": "C:\\Users\\hs169\\AppData\\Local\\Programs\\Python\\Python38\\Scripts\\mlagents-learn .\\config\\all.yaml --run-id=step2 --initialize-from=test --force",
        "mlagents_version": "0.23.0",
        "mlagents_envs_version": "0.23.0",
        "communication_protocol_version": "1.3.0",
        "pytorch_version": "1.7.1",
        "numpy_version": "1.19.5",
        "end_time_seconds": "1614870895"
    },
    "total": 9620.7259894,
    "count": 1,
    "self": 0.008979899999758345,
    "children": {
        "run_training.setup": {
            "total": 0.006435499999999816,
            "count": 1,
            "self": 0.006435499999999816
        },
        "TrainerController.start_learning": {
            "total": 9620.710574,
            "count": 1,
            "self": 3.0305084997671656,
            "children": {
                "TrainerController._reset_env": {
                    "total": 12.7585918,
                    "count": 1,
                    "self": 12.7585918
                },
                "TrainerController.advance": {
                    "total": 9604.730990300233,
                    "count": 132635,
                    "self": 1.4333646002160094,
                    "children": {
                        "env_step": {
                            "total": 9603.297625700017,
                            "count": 132635,
                            "self": 8423.218504500013,
                            "children": {
                                "SubprocessEnvManager._take_step": {
                                    "total": 1178.5681155001917,
                                    "count": 132635,
                                    "self": 11.95157070025357,
                                    "children": {
                                        "TorchPolicy.evaluate": {
                                            "total": 1166.616544799938,
                                            "count": 222304,
                                            "self": 253.49436629986155,
                                            "children": {
                                                "TorchPolicy.sample_actions": {
                                                    "total": 913.1221785000765,
                                                    "count": 222304,
                                                    "self": 913.1221785000765
                                                }
                                            }
                                        }
                                    }
                                },
                                "workers": {
                                    "total": 1.511005699812399,
                                    "count": 132635,
                                    "self": 0.0,
                                    "children": {
                                        "worker_root": {
                                            "total": 9604.948517700035,
                                            "count": 132635,
                                            "is_parallel": true,
                                            "self": 1428.7693883001348,
                                            "children": {
                                                "steps_from_proto": {
                                                    "total": 0.001851599999998399,