{
    "name": "root",
    "metadata": {
        "timer_format_version": "0.1.0",
        "start_time_seconds": "1617179580",
        "python_version": "3.8.7 (tags/v3.8.7:6503f05, Dec 21 2020, 17:59:51) [MSC v.1928 64 bit (AMD64)]",
        "command_line_arguments": "D:\\Project\\UNITY\\ml-agents\\ML-tanks\\mlagents\\Scripts\\mlagents-learn --run-id=temp --initialize-from=stage1 --force",
        "mlagents_version": "0.25.0",
        "mlagents_envs_version": "0.25.0",
        "communication_protocol_version": "1.5.0",
        "pytorch_version": "1.7.1+cu110",
        "numpy_version": "1.20.1",
        "end_time_seconds": "1617179865"
    },
    "total": 284.9724233,
    "count": 1,
    "self": 0.002725800000007439,
    "children": {
        "run_training.setup": {
            "total": 0.02732840000000003,
            "count": 1,
            "self": 0.02732840000000003
        },
        "TrainerController.start_learning": {
            "total": 284.9423691,
            "count": 1,
            "self": 0.3567052000002491,
            "children": {
                "TrainerController._reset_env": {
                    "total": 9.4603956,
                    "count": 1,
                    "self": 9.4603956
                },
                "TrainerController.advance": {
                    "total": 274.90656869999975,
                    "count": 15231,
                    "self": 0.1668982000003325,
                    "children": {
                        "env_step": {
                            "total": 274.7396704999994,
                            "count": 15231,
                            "self": 182.48381139999447,
                            "children": {
                                "SubprocessEnvManager._take_step": {
                                    "total": 92.08621050000156,
                                    "count": 15231,
                                    "self": 1.4177512000013337,
                                    "children": {
                                        "TorchPolicy.evaluate": {
                                            "total": 90.66845930000022,
                                            "count": 30162,
                                            "self": 26.680280299999104,
                                            "children": {
                                                "TorchPolicy.sample_actions": {
                                                    "total": 63.98817900000112,
                                                    "count": 30162,
                                                    "self": 63.98817900000112
                                                }
                                            }
                                        }
                                    }
                                },
                                "workers": {
                                    "total": 0.16964860000341808,
                                    "count": 15230,
                                    "self": 0.0,
                                    "children": {
                                        "worker_root": {
                                            "total": 276.12403930000005,
                                            "count": 15230,
                                            "is_parallel": true,
                                            "self": 111.01601740000075,
                                            "children": {
                                                "steps_from_proto": {
                                                    "total": 0.0007716999999995977,
                                                    "count": 2,
                                                    "is_parallel": true,
                                                    "self": 0.00034089999999764586,
                                                    "children": {
                                                        "_process_rank_one_or_two_observation": {
                                                            "total": 0.00043080000000195184,
                                                            "count": 8,
                                                            "is_parallel": true,
                                                            "self": 0.00043080000000195184
                                                        }
                                                    }
                                                },
                                                "UnityEnvironment.step": {
                                                    "total": 165.1072501999993,
                                                    "count": 15230,
                                                    "is_parallel": true,
                                                    "self": 1.1747651999964148,
                                                    "children": {
                                                        "UnityEnvironment._generate_step_input": {
                                                            "total": 3.7673691000018064,
                                                            "count": 15230,
                                                            "is_parallel": true,
                                                            "self": 3.7673691000018064
                                                        },
                                                        "communicator.exchange": {
                                                            "total": 152.4534865999998,
                                                            "count": 15230,
                                                            "is_parallel": true,
                                                            "self": 152.4534865999998
                                                        },
                                                        "steps_from_proto": {
                                                            "total": 7.711629300001277,
                                                            "count": 30460,
                                                            "is_parallel": true,
                                                            "self": 3.786665400002869,
                                                            "children": {
                                                                "_process_rank_one_or_two_observation": {
                                                                    "total": 3.9249638999984082,
                                                                    "count": 121840,
                                                                    "is_parallel": true,
                                                                    "self": 3.9249638999984082
                                                                }
                                                            }
                                                        }
                                                    }
                                                }
                                            }
                                        }
                                    }
                                }
                            }
                        }
                    }
                },
                "trainer_threads": {
                    "total": 2.6199999979326094e-05,
                    "count": 1,
                    "self": 2.6199999979326094e-05,
                    "children": {
                        "thread_root": {
                            "total": 0.0,
                            "count": 0,
                            "is_parallel": true,
                            "self": 0.0,