{"count":1,"self":301.1808512,"total":1832.5185109,"children":{"InitializeActuators":{"count":18,"self":0.0019939,"total":0.0019939,"children":null},"InitializeSensors":{"count":18,"self":0.0039957,"total":0.0039957,"children":null},"AgentSendState":{"count":138984,"self":3.9881024,"total":106.2834312,"children":{"CollectObservations":{"count":500346,"self":1.4664834999999998,"total":1.4664834999999998,"children":null},"WriteActionMask":{"count":500346,"self":0.81549679999999991,"total":0.81549679999999991,"children":null},"RequestDecision":{"count":500346,"self":4.3013544,"total":100.01334849999999,"children":{"AgentInfo.ToProto":{"count":500346,"self":2.3162515999999997,"total":95.71199399999999,"children":{"GenerateSensorData":{"count":500346,"self":21.1339008,"total":93.3957425,"children":{"RayPerceptionSensor.Perceive":{"count":1000692,"self":72.2618432,"total":72.2618425,"children":null}}}}}}}}},"DecideAction":{"count":138984,"self":1077.6790016,"total":1077.6789821,"children":null},"AgentAct":{"count":138984,"self":347.03628799999996,"total":347.36826249999996,"children":{"AgentInfo.ToProto":{"count":1453,"self":0.0090175,"total":0.3319646,"children":{"GenerateSensorData":{"count":1453,"self":0.0978054,"total":0.3229471,"children":{"RayPerceptionSensor.Perceive":{"count":2906,"self":0.2251417,"total":0.2251417,"children":null}}}}}}}},"gauges":{"tank.CumulativeReward":{"count":1453,"max":2,"min":-130.5,"runningAverage":-5.329665,"value":-0.5,"weightedAverage":-7.904074}},"metadata":{"timer_format_version":"0.1.0","start_time_seconds":"1621084385","unity_version":"2019.4.18f1","command_line_arguments":"D:\\Unity\\2019.4.18f1\\Editor\\Unity.exe -projectpath D:\/Project\/UNITY\/ml-agents\/ML-tanks -useHub -hubIPC -cloudEnvironment production -hubSessionId 4145dbe0-b3b2-11eb-84c0-a3769385ef60 -accessToken 2Qep0Gys6TXvD-poCzPE3MNO1ZhDH0CjUAySAFMdDe400ef","communication_protocol_version":"1.5.0","com.unity.ml-agents_version":"2.0.0-exp.1","scene_name":"avoidShell","end_time_seconds":"1621086217"}}