{"count":1,"self":107.86246399999999,"total":110.85517259999999,"children":{"InitializeActuators":{"count":9,"self":0.0019932,"total":0.0019932,"children":null},"InitializeSensors":{"count":9,"self":0.0049873999999999995,"total":0.0049873999999999995,"children":null},"AgentSendState":{"count":5143,"self":0.0997802,"total":1.5533469,"children":{"CollectObservations":{"count":9261,"self":0.0490593,"total":0.0490593,"children":null},"WriteActionMask":{"count":9261,"self":0.0130277,"total":0.0130277,"children":null},"RequestDecision":{"count":9261,"self":0.084248999999999991,"total":1.3914796999999999,"children":{"RayPerceptionSensor.Perceive":{"count":18522,"self":1.3072306999999999,"total":1.3072306999999999,"children":null}}}}},"DecideAction":{"count":5143,"self":0.1009931,"total":0.1009931,"children":null},"AgentAct":{"count":5143,"self":1.3125153,"total":1.3165253,"children":{"RayPerceptionSensor.Perceive":{"count":52,"self":0.00401,"total":0.00401,"children":null}}},"RayPerceptionSensor.Perceive":{"count":126,"self":0.013869699999999999,"total":0.013869699999999999,"children":null}},"gauges":{"TankB.CumulativeReward":{"count":89,"max":1.372885,"min":-2.20853472,"runningAverage":-0.5881755,"value":0.7014999,"weightedAverage":-0.2322111}},"metadata":{"timer_format_version":"0.1.0","start_time_seconds":"1617635674","unity_version":"2019.4.18f1","command_line_arguments":"D:\\Unity\\2019.4.18f1\\Editor\\Unity.exe -projectpath D:\/Project\/UNITY\/ml-agents\/ML-tanks -useHub -hubIPC -cloudEnvironment production -hubSessionId 6b086530-9457-11eb-9038-3188e9e84ac7 -accessToken ec5bzish0y7o5gli8MpNgw38eMV9_sIcAP7SK3MtpD800ef","communication_protocol_version":"1.5.0","com.unity.ml-agents_version":"2.0.0-exp.1","scene_name":"avoidShell","end_time_seconds":"1617635785"}}