{"count":1,"self":94.2929408,"total":98.6252938,"children":{"InitializeActuators":{"count":9,"self":0.0029676999999999998,"total":0.0029676999999999998,"children":null},"InitializeSensors":{"count":9,"self":0.0050111999999999995,"total":0.0050111999999999995,"children":null},"AgentSendState":{"count":4658,"self":0.0923635,"total":1.2590820999999999,"children":{"CollectObservations":{"count":8388,"self":0.032123,"total":0.032123,"children":null},"WriteActionMask":{"count":8388,"self":0.014084399999999999,"total":0.014084399999999999,"children":null},"RequestDecision":{"count":8388,"self":0.0880131,"total":1.1205112,"children":{"RayPerceptionSensor.Perceive":{"count":14912,"self":1.0324981,"total":1.0324981,"children":null}}}}},"DecideAction":{"count":4658,"self":1.6384839,"total":1.7605165999999999,"children":{"RayPerceptionSensor.Perceive":{"count":1864,"self":0.1220327,"total":0.1220327,"children":null}}},"AgentAct":{"count":4658,"self":1.2977725999999998,"total":1.2997885,"children":{"RayPerceptionSensor.Perceive":{"count":10,"self":0.0020158999999999997,"total":0.0020158999999999997,"children":null}}},"RayPerceptionSensor.Perceive":{"count":56,"self":0.0039898,"total":0.0039898,"children":null}},"gauges":{"TankB.CumulativeReward":{"count":35,"max":2.385989,"min":-9.002821,"runningAverage":-3.4745295,"value":-4.40202,"weightedAverage":-4.41431}},"metadata":{"timer_format_version":"0.1.0","start_time_seconds":"1617509640","unity_version":"2019.4.18f1","command_line_arguments":"D:\\Unity\\2019.4.18f1\\Editor\\Unity.exe -projectpath D:\/Project\/UNITY\/ml-agents\/ML-tanks -useHub -hubIPC -cloudEnvironment production -hubSessionId 6b086530-9457-11eb-9038-3188e9e84ac7 -accessToken ec5bzish0y7o5gli8MpNgw38eMV9_sIcAP7SK3MtpD800ef","communication_protocol_version":"1.5.0","com.unity.ml-agents_version":"2.0.0-exp.1","scene_name":"avoidShell","end_time_seconds":"1617509739"}}