{"count":1,"self":2626.6400768,"total":11305.203113,"children":{"InitializeActuators":{"count":9,"self":0.0019941,"total":0.0019941,"children":null},"InitializeSensors":{"count":9,"self":0.0039888,"total":0.0039888,"children":null},"AgentSendState":{"count":1360234,"self":21.865935999999998,"total":516.3366073,"children":{"CollectObservations":{"count":2448423,"self":8.4788056,"total":8.4788056999999988,"children":null},"WriteActionMask":{"count":2448423,"self":4.3622375999999994,"total":4.3622377,"children":null},"RequestDecision":{"count":2448423,"self":22.4359696,"total":481.6296276,"children":{"AgentInfo.ToProto":{"count":2448423,"self":11.807392,"total":459.1936581,"children":{"GenerateSensorData":{"count":2448423,"self":144.017408,"total":447.386266,"children":{"RayPerceptionSensor.Perceive":{"count":7345269,"self":303.3688576,"total":303.3688538,"children":null}}}}}}}}},"DecideAction":{"count":1360234,"self":7857.1929599999994,"total":7857.1931586,"children":null},"AgentAct":{"count":1360234,"self":298.86320639999997,"total":303.0701731,"children":{"AgentInfo.ToProto":{"count":20142,"self":0.1647334,"total":4.2069776999999995,"children":{"GenerateSensorData":{"count":20142,"self":1.4922776,"total":4.0422443,"children":{"RayPerceptionSensor.Perceive":{"count":60426,"self":2.5499668,"total":2.5499666999999997,"children":null}}}}}}},"AgentInfo.ToProto":{"count":9300,"self":0.0828158,"total":1.9561604,"children":{"GenerateSensorData":{"count":9300,"self":0.6845568,"total":1.8733445999999998,"children":{"RayPerceptionSensor.Perceive":{"count":27900,"self":1.1887877999999998,"total":1.1887877999999998,"children":null}}}}}},"gauges":{"TankB.CumulativeReward":{"count":29442,"max":61.09817,"min":-35.89603,"runningAverage":9.2678,"value":52.73877,"weightedAverage":15.4957581}},"metadata":{"timer_format_version":"0.1.0","start_time_seconds":"1617981042","unity_version":"2019.4.18f1","command_line_arguments":"D:\\Unity\\2019.4.18f1\\Editor\\Unity.exe -projectpath D:\/Project\/UNITY\/ml-agents\/ML-tanks -useHub -hubIPC -cloudEnvironment production -hubSessionId 6b086530-9457-11eb-9038-3188e9e84ac7 -accessToken ec5bzish0y7o5gli8MpNgw38eMV9_sIcAP7SK3MtpD800ef","communication_protocol_version":"1.5.0","com.unity.ml-agents_version":"2.0.0-exp.1","scene_name":"avoidShell","end_time_seconds":"1617992347"}}