{"count":1,"self":370.8918016,"total":3098.9686337,"children":{"InitializeActuators":{"count":16,"self":0.0019943,"total":0.0019943,"children":null},"InitializeSensors":{"count":16,"self":0.0029923999999999997,"total":0.0029923999999999997,"children":null},"AgentSendState":{"count":180684,"self":4.8569852,"total":194.54339109999998,"children":{"CollectObservations":{"count":578192,"self":2.0830235999999998,"total":2.0830235999999998,"children":null},"WriteActionMask":{"count":578192,"self":1.0276467,"total":1.0276467,"children":null},"RequestDecision":{"count":578192,"self":5.1554696,"total":186.5757356,"children":{"AgentInfo.ToProto":{"count":578192,"self":2.7569092,"total":181.4202659,"children":{"GenerateSensorData":{"count":578192,"self":33.6118784,"total":178.66335669999998,"children":{"RayPerceptionSensor.Perceive":{"count":1156384,"self":145.0514816,"total":145.05147879999998,"children":null}}}}}}}}},"DecideAction":{"count":180684,"self":2365.9200511999998,"total":2365.9200655,"children":null},"AgentAct":{"count":180684,"self":164.63031039999998,"total":167.5050192,"children":{"AgentInfo.ToProto":{"count":8494,"self":0.0851097,"total":2.8747088,"children":{"GenerateSensorData":{"count":8494,"self":0.63865569999999994,"total":2.7895990999999998,"children":{"RayPerceptionSensor.Perceive":{"count":16988,"self":2.1509434,"total":2.1509434,"children":null}}}}}}},"AgentInfo.ToProto":{"count":277,"self":0.0039556,"total":0.1023859,"children":{"GenerateSensorData":{"count":277,"self":0.019822899999999997,"total":0.0984303,"children":{"RayPerceptionSensor.Perceive":{"count":554,"self":0.0786074,"total":0.0786074,"children":null}}}}}},"gauges":{"TankB.CumulativeReward":{"count":8771,"max":2.08791471,"min":-2.11349726,"runningAverage":0.648019,"value":1.0044,"weightedAverage":0.987583041}},"metadata":{"timer_format_version":"0.1.0","start_time_seconds":"1620997805","unity_version":"2019.4.18f1","command_line_arguments":"D:\\Unity\\2019.4.18f1\\Editor\\Unity.exe -projectpath D:\/Project\/UNITY\/ml-agents\/ML-tanks -useHub -hubIPC -cloudEnvironment production -hubSessionId 4145dbe0-b3b2-11eb-84c0-a3769385ef60 -accessToken 2Qep0Gys6TXvD-poCzPE3MNO1ZhDH0CjUAySAFMdDe400ef","communication_protocol_version":"1.5.0","com.unity.ml-agents_version":"2.0.0-exp.1","scene_name":"avoidShell","end_time_seconds":"1621000904"}}