{"count":1,"self":772.95221759999993,"total":791.5689739,"children":{"InitializeActuators":{"count":4,"self":0.0019955999999999997,"total":0.0019955999999999997,"children":null},"InitializeSensors":{"count":4,"self":0.0039889999999999995,"total":0.0039889999999999995,"children":null},"AgentSendState":{"count":39282,"self":0.4298631,"total":0.78866779999999992,"children":{"CollectObservations":{"count":23527,"self":0.126451,"total":0.126451,"children":null},"WriteActionMask":{"count":23527,"self":0.0534922,"total":0.0534922,"children":null},"RequestDecision":{"count":23527,"self":0.17886149999999998,"total":0.17886149999999998,"children":null}}},"DecideAction":{"count":39282,"self":13.7387216,"total":16.970428,"children":{"RayPerceptionSensor.Perceive":{"count":47054,"self":3.2317055999999997,"total":3.2317057,"children":null}}},"AgentAct":{"count":39282,"self":0.8506749,"total":0.8506749,"children":null}},"gauges":{},"metadata":{"timer_format_version":"0.1.0","start_time_seconds":"1619249015","unity_version":"2019.4.18f1","command_line_arguments":"D:\\Unity\\2019.4.18f1\\Editor\\Unity.exe -projectpath D:\/Project\/UNITY\/ml-agents\/ML-tanks -useHub -hubIPC -cloudEnvironment production -hubSessionId 7fd2a640-a4cb-11eb-8eaf-bf6d4241b4c8 -accessToken 4gpZKELlsXrRTi4RMdlEzizjOgz2knhAQE2MukmJx9Q00ef","communication_protocol_version":"1.5.0","com.unity.ml-agents_version":"2.0.0-exp.1","scene_name":"MainStage","end_time_seconds":"1619249806"}}