{"count":1,"self":423.2143872,"total":425.50372189999996,"children":{"InitializeActuators":{"count":19,"self":0.0030001999999999997,"total":0.0030001999999999997,"children":null},"InitializeSensors":{"count":19,"self":0.0040002,"total":0.0040002,"children":null},"AgentSendState":{"count":4034,"self":0.0550118,"total":0.45294429999999997,"children":{"CollectObservations":{"count":2271,"self":0.0070025999999999994,"total":0.0070025999999999994,"children":null},"WriteActionMask":{"count":2271,"self":0.0050006,"total":0.0050006,"children":null},"RequestDecision":{"count":2271,"self":0.33692469999999997,"total":0.3859293,"children":{"RayPerceptionSensor.Perceive":{"count":548,"self":0.049004599999999995,"total":0.049004599999999995,"children":null}}}}},"DecideAction":{"count":4034,"self":1.5093035,"total":1.682364,"children":{"RayPerceptionSensor.Perceive":{"count":2380,"self":0.1730605,"total":0.1730605,"children":null}}},"AgentAct":{"count":4034,"self":0.14602669999999998,"total":0.14602669999999998,"children":null},"RayPerceptionSensor.Perceive":{"count":4,"self":0.0010006,"total":0.0010006,"children":null}},"gauges":{},"metadata":{"timer_format_version":"0.1.0","start_time_seconds":"1619923113","unity_version":"2019.4.18f1","command_line_arguments":"C:\\Program Files\\2019.4.18f1\\Editor\\Unity.exe -projectpath C:\/Users\/aaa\/Downloads\/ML-tanks -useHub -hubIPC -cloudEnvironment production -hubSessionId ff387300-aaee-11eb-baeb-1b738d25f134 -accessToken 5uYISL04aA-CGvuWw8lcXyTiS_M0045_iUB_QDzWGyE00ef","communication_protocol_version":"1.5.0","com.unity.ml-agents_version":"2.0.0-exp.1","scene_name":"Menu","end_time_seconds":"1619923539"}}