{"count":1,"self":178.91423999999998,"total":183.64462419999998,"children":{"InitializeActuators":{"count":1,"self":0.0029914,"total":0.0029914,"children":null},"InitializeSensors":{"count":1,"self":0.0029925,"total":0.0029925,"children":null},"AgentSendState":{"count":8883,"self":0.065587499999999993,"total":0.11930729999999999,"children":{"CollectObservations":{"count":1777,"self":0.0069165999999999993,"total":0.0069165999999999993,"children":null},"WriteActionMask":{"count":1777,"self":0.0039824,"total":0.0039824,"children":null},"RequestDecision":{"count":1777,"self":0.0428208,"total":0.0428208,"children":null}}},"DecideAction":{"count":8883,"self":3.4002019999999997,"total":3.8676633,"children":{"RayPerceptionSensor.Perceive":{"count":3554,"self":0.46746129999999997,"total":0.46746129999999997,"children":null}}},"AgentAct":{"count":8883,"self":0.7364467,"total":0.7364467,"children":null}},"gauges":{"TankB.CumulativeReward":{"count":42,"max":1.07140076,"min":0.9783004,"runningAverage":1.0326,"value":0.992199957,"weightedAverage":1.02023971}},"metadata":{"timer_format_version":"0.1.0","start_time_seconds":"1621001127","unity_version":"2019.4.18f1","command_line_arguments":"D:\\Unity\\2019.4.18f1\\Editor\\Unity.exe -projectpath D:\/Project\/UNITY\/ml-agents\/ML-tanks -useHub -hubIPC -cloudEnvironment production -hubSessionId 4145dbe0-b3b2-11eb-84c0-a3769385ef60 -accessToken 2Qep0Gys6TXvD-poCzPE3MNO1ZhDH0CjUAySAFMdDe400ef","communication_protocol_version":"1.5.0","com.unity.ml-agents_version":"2.0.0-exp.1","scene_name":"New Scene","end_time_seconds":"1621001310"}}