{"count":1,"self":939.9793664,"total":6615.863469,"children":{"InitializeActuators":{"count":36,"self":0.0029917999999999998,"total":0.0029917999999999998,"children":null},"InitializeSensors":{"count":36,"self":0.0069815,"total":0.0069815,"children":null},"AgentSendState":{"count":550684,"self":19.5794592,"total":280.3825821,"children":{"CollectObservations":{"count":1982484,"self":8.9033128,"total":8.903312699999999,"children":null},"WriteActionMask":{"count":1982484,"self":4.0895712,"total":4.0895714,"children":null},"RequestDecision":{"count":1982484,"self":20.074547199999998,"total":247.8102384,"children":{"AgentInfo.ToProto":{"count":1982484,"self":11.50314,"total":227.73569039999998,"children":{"GenerateSensorData":{"count":1982484,"self":87.467564799999991,"total":216.2325501,"children":{"RayPerceptionSensor.Perceive":{"count":2973726,"self":128.7649792,"total":128.7649854,"children":null}}}}}}}}},"DecideAction":{"count":550684,"self":4911.5234304,"total":4911.5234393,"children":null},"AgentAct":{"count":550684,"self":478.5554944,"total":483.4639228,"children":{"AgentInfo.ToProto":{"count":35956,"self":0.4031182,"total":4.9084346,"children":{"GenerateSensorData":{"count":35956,"self":2.185972,"total":4.5053164,"children":{"RayPerceptionSensor.Perceive":{"count":48314,"self":2.3193444,"total":2.3193443,"children":null}}}}}}},"AgentInfo.ToProto":{"count":10045,"self":0.1396712,"total":0.5022225,"children":{"GenerateSensorData":{"count":10045,"self":0.36255129999999997,"total":0.36255129999999997,"children":null}}}},"gauges":{"My Behavior.CumulativeReward":{"count":21844,"max":1.90399194,"min":-2.00000024,"runningAverage":-1.2297616,"value":1.61899567,"weightedAverage":-0.5094204},"TankA3.CumulativeReward":{"count":8192,"max":2.031592,"min":-1.49520659,"runningAverage":0.192398757,"value":0.147600234,"weightedAverage":-0.10472399},"TankA2.CumulativeReward":{"count":10979,"max":2.15437937,"min":-1.29279637,"runningAverage":0.7601264,"value":1.0372,"weightedAverage":0.8735436},"TankA1.CumulativeReward":{"count":4986,"max":1.04559994,"min":-1.0176,"runningAverage":-0.00276366132,"value":0,"weightedAverage":-0.000288046722}},"metadata":{"timer_format_version":"0.1.0","start_time_seconds":"1617115747","unity_version":"2019.4.18f1","command_line_arguments":"D:\\Unity\\2019.4.18f1\\Editor\\Unity.exe -projectpath D:\/Project\/UNITY\/ml-agents\/ML-tanks -useHub -hubIPC -cloudEnvironment production -hubSessionId 8d433ef0-9050-11eb-97bd-41d54ce3996b -accessToken 5io0VyBv0VyEP53JryAXsoih93hDkknTLrelMI1Ii7M00ef","communication_protocol_version":"1.5.0","com.unity.ml-agents_version":"2.0.0-exp.1","scene_name":"RLtest","end_time_seconds":"1617122362"}}