{"count":1,"self":304.23301119999996,"total":2089.6508063,"children":{"InitializeActuators":{"count":36,"self":0.0019947,"total":0.0019947,"children":null},"InitializeSensors":{"count":36,"self":0.0039892,"total":0.0039892,"children":null},"AgentSendState":{"count":241167,"self":6.6951608,"total":95.6725484,"children":{"CollectObservations":{"count":868212,"self":2.7982115999999997,"total":2.7982115999999997,"children":null},"WriteActionMask":{"count":868212,"self":1.4375373,"total":1.4375373,"children":null},"RequestDecision":{"count":868212,"self":6.645658,"total":84.7416387,"children":{"AgentInfo.ToProto":{"count":868212,"self":3.9362804,"total":78.09598059999999,"children":{"GenerateSensorData":{"count":868212,"self":29.9292512,"total":74.1597002,"children":{"RayPerceptionSensor.Perceive":{"count":1302318,"self":44.230447999999996,"total":44.2304495,"children":null}}}}}}}}},"DecideAction":{"count":241167,"self":1532.23936,"total":1532.2394055999998,"children":null},"AgentAct":{"count":241167,"self":156.1502208,"total":157.4988644,"children":{"AgentInfo.ToProto":{"count":12040,"self":0.10457889999999999,"total":1.3486485,"children":{"GenerateSensorData":{"count":12040,"self":0.6196841,"total":1.2440696,"children":{"RayPerceptionSensor.Perceive":{"count":17966,"self":0.62438549999999993,"total":0.62438549999999993,"children":null}}}}}}}},"gauges":{"TankA3.CumulativeReward":{"count":3558,"max":1.31319869,"min":-1.14,"runningAverage":-0.284477323,"value":-0.08019982,"weightedAverage":0.0562299639},"My Behavior.CumulativeReward":{"count":3057,"max":1.78299356,"min":-1.89700139,"runningAverage":0.247593641,"value":-0.984,"weightedAverage":0.2774278},"TankA1.CumulativeReward":{"count":2297,"max":1.30909884,"min":-1.18000007,"runningAverage":0.0009322171,"value":0,"weightedAverage":0.0328888632},"TankA2.CumulativeReward":{"count":3128,"max":1.94730461,"min":-1.0783,"runningAverage":0.09677553,"value":-0.0011000029,"weightedAverage":-0.08293908}},"metadata":{"timer_format_version":"0.1.0","start_time_seconds":"1617092226","unity_version":"2019.4.18f1","command_line_arguments":"D:\\Unity\\2019.4.18f1\\Editor\\Unity.exe -projectpath D:\/Project\/UNITY\/ml-agents\/ML-tanks -useHub -hubIPC -cloudEnvironment production -hubSessionId 8d433ef0-9050-11eb-97bd-41d54ce3996b -accessToken 5io0VyBv0VyEP53JryAXsoih93hDkknTLrelMI1Ii7M00ef","communication_protocol_version":"1.5.0","com.unity.ml-agents_version":"2.0.0-exp.1","scene_name":"RLtest","end_time_seconds":"1617094315"}}