{"count":1,"self":595.15192319999994,"total":2697.2152133,"children":{"InitializeActuators":{"count":36,"self":0.0029917999999999998,"total":0.0029917999999999998,"children":null},"InitializeSensors":{"count":36,"self":0.0049865,"total":0.0049865,"children":null},"AgentSendState":{"count":285684,"self":8.2795823999999989,"total":114.7793598,"children":{"CollectObservations":{"count":1028484,"self":3.3634268,"total":3.3634268,"children":null},"WriteActionMask":{"count":1028484,"self":1.7059255999999998,"total":1.7059255,"children":null},"RequestDecision":{"count":1028484,"self":8.2576512,"total":101.43042489999999,"children":{"AgentInfo.ToProto":{"count":1028484,"self":4.7729664,"total":93.172773499999991,"children":{"GenerateSensorData":{"count":1028484,"self":36.2699104,"total":88.3998072,"children":{"RayPerceptionSensor.Perceive":{"count":1542726,"self":52.1298976,"total":52.1298975,"children":null}}}}}}}}},"DecideAction":{"count":285684,"self":1799.8723072,"total":1799.8722884,"children":null},"AgentAct":{"count":285684,"self":185.6889984,"total":187.4026664,"children":{"AgentInfo.ToProto":{"count":15345,"self":0.1252777,"total":1.7136687,"children":{"GenerateSensorData":{"count":15345,"self":0.781741,"total":1.5883909999999999,"children":{"RayPerceptionSensor.Perceive":{"count":22628,"self":0.80665,"total":0.80665,"children":null}}}}}}}},"gauges":{"TankA2.CumulativeReward":{"count":4402,"max":2.00870156,"min":-1.0816,"runningAverage":0.150318459,"value":0.0230999272,"weightedAverage":0.157341465},"My Behavior.CumulativeReward":{"count":4031,"max":1.73299408,"min":-2,"runningAverage":0.0735093653,"value":1.38299859,"weightedAverage":0.6426754},"TankA3.CumulativeReward":{"count":4185,"max":1.30869961,"min":-1.13329983,"runningAverage":-0.444569,"value":-1,"weightedAverage":-0.8240756},"TankA1.CumulativeReward":{"count":2727,"max":1.04850018,"min":-1.1,"runningAverage":-0.06457386,"value":-0.049999997,"weightedAverage":-0.0144375525}},"metadata":{"timer_format_version":"0.1.0","start_time_seconds":"1617089231","unity_version":"2019.4.18f1","command_line_arguments":"D:\\Unity\\2019.4.18f1\\Editor\\Unity.exe -projectpath D:\/Project\/UNITY\/ml-agents\/ML-tanks -useHub -hubIPC -cloudEnvironment production -hubSessionId 8d433ef0-9050-11eb-97bd-41d54ce3996b -accessToken 5io0VyBv0VyEP53JryAXsoih93hDkknTLrelMI1Ii7M00ef","communication_protocol_version":"1.5.0","com.unity.ml-agents_version":"2.0.0-exp.1","scene_name":"RLtest","end_time_seconds":"1617091928"}}