{"count":1,"self":921.324544,"total":4376.3176783,"children":{"InitializeActuators":{"count":9,"self":0.0029919,"total":0.0029919,"children":null},"InitializeSensors":{"count":9,"self":0.0039889,"total":0.0039889,"children":null},"AgentSendState":{"count":545684,"self":9.0529592,"total":206.0960231,"children":{"CollectObservations":{"count":982233,"self":3.1107875999999997,"total":3.1107875999999997,"children":null},"WriteActionMask":{"count":982233,"self":1.7338122,"total":1.7338122,"children":null},"RequestDecision":{"count":982233,"self":9.815316,"total":192.19846379999998,"children":{"AgentInfo.ToProto":{"count":982233,"self":4.8243132,"total":182.3831477,"children":{"GenerateSensorData":{"count":982233,"self":63.2327552,"total":177.5588345,"children":{"RayPerceptionSensor.Perceive":{"count":2946699,"self":114.32607999999999,"total":114.3260791,"children":null}}}}}}}}},"DecideAction":{"count":545684,"self":3120.4653055999997,"total":3120.4652956,"children":null},"AgentAct":{"count":545684,"self":127.52870399999999,"total":128.42388359999998,"children":{"AgentInfo.ToProto":{"count":4140,"self":0.0390565,"total":0.89517759999999991,"children":{"GenerateSensorData":{"count":4140,"self":0.38369529999999996,"total":0.8561211,"children":{"RayPerceptionSensor.Perceive":{"count":12420,"self":0.47242579999999995,"total":0.47242579999999995,"children":null}}}}}}},"AgentInfo.ToProto":{"count":7,"self":0,"total":0.0009764,"children":{"GenerateSensorData":{"count":7,"self":0.0009764,"total":0.0009764,"children":{"RayPerceptionSensor.Perceive":{"count":21,"self":0,"total":0,"children":null}}}}}},"gauges":{"TankB.CumulativeReward":{"count":4147,"max":7.01068735,"min":-0.611997962,"runningAverage":3.0462718,"value":5.60190725,"weightedAverage":4.446946}},"metadata":{"timer_format_version":"0.1.0","start_time_seconds":"1617798172","unity_version":"2019.4.18f1","command_line_arguments":"D:\\Unity\\2019.4.18f1\\Editor\\Unity.exe -projectpath D:\/Project\/UNITY\/ml-agents\/ML-tanks -useHub -hubIPC -cloudEnvironment production -hubSessionId 6b086530-9457-11eb-9038-3188e9e84ac7 -accessToken ec5bzish0y7o5gli8MpNgw38eMV9_sIcAP7SK3MtpD800ef","communication_protocol_version":"1.5.0","com.unity.ml-agents_version":"2.0.0-exp.1","scene_name":"RLtest","end_time_seconds":"1617802548"}}