{"count":1,"self":635.72126719999994,"total":4288.5348026,"children":{"InitializeActuators":{"count":27,"self":0.0029949,"total":0.0029949,"children":null},"InitializeSensors":{"count":27,"self":0.0049849,"total":0.0049849,"children":null},"AgentSendState":{"count":555867,"self":12.745300799999999,"total":207.83784229999998,"children":{"CollectObservations":{"count":1500849,"self":4.9971179999999995,"total":4.9971181,"children":null},"WriteActionMask":{"count":1500849,"self":2.7180527999999997,"total":2.7180527999999997,"children":null},"RequestDecision":{"count":1500849,"self":12.834432,"total":187.3773703,"children":{"AgentInfo.ToProto":{"count":1500849,"self":7.349644,"total":174.54293819999998,"children":{"GenerateSensorData":{"count":1500849,"self":67.4005184,"total":167.1932943,"children":{"RayPerceptionSensor.Perceive":{"count":3001698,"self":99.7927744,"total":99.7927765,"children":null}}}}}}}}},"DecideAction":{"count":555867,"self":3115.1224832,"total":3115.1224518999998,"children":null},"AgentAct":{"count":555867,"self":324.94656,"total":329.844289,"children":{"AgentInfo.ToProto":{"count":33190,"self":0.3215782,"total":4.8977255999999993,"children":{"GenerateSensorData":{"count":33190,"self":2.1296768,"total":4.5761474,"children":{"RayPerceptionSensor.Perceive":{"count":66380,"self":2.4464706,"total":2.4464706,"children":null}}}}}}}},"gauges":{"TankA3.CumulativeReward":{"count":11840,"max":2.0118022,"min":-1.0077,"runningAverage":0.805544138,"value":1.01109993,"weightedAverage":0.902002931},"TankA2.CumulativeReward":{"count":14773,"max":2.02260375,"min":-1.01,"runningAverage":0.8942089,"value":1.0073,"weightedAverage":0.9845702},"TankA1.CumulativeReward":{"count":6577,"max":2.0110023,"min":-1.06179988,"runningAverage":0.37966454,"value":0,"weightedAverage":0.253971636}},"metadata":{"timer_format_version":"0.1.0","start_time_seconds":"1617044459","unity_version":"2019.4.18f1","command_line_arguments":"D:\\Unity\\2019.4.18f1\\Editor\\Unity.exe -projectpath D:\/Project\/UNITY\/ml-agents\/ML-tanks -useHub -hubIPC -cloudEnvironment production -hubSessionId 8d433ef0-9050-11eb-97bd-41d54ce3996b -accessToken 5io0VyBv0VyEP53JryAXsoih93hDkknTLrelMI1Ii7M00ef","communication_protocol_version":"1.5.0","com.unity.ml-agents_version":"2.0.0-exp.1","scene_name":"RLtest","end_time_seconds":"1617048748"}}