{"count":1,"self":6330.2402047999994,"total":6796.7540835,"children":{"InitializeActuators":{"count":9,"self":0.0010004999999999999,"total":0.0010004999999999999,"children":null},"InitializeSensors":{"count":9,"self":0.0020009,"total":0.0020009,"children":null},"AgentSendState":{"count":339249,"self":4.2424979999999994,"total":7.9772798999999992,"children":{"CollectObservations":{"count":305325,"self":1.0266655999999998,"total":1.0266655999999998,"children":null},"WriteActionMask":{"count":305325,"self":0.66855769999999992,"total":0.66855769999999992,"children":null},"RequestDecision":{"count":305325,"self":2.0395588,"total":2.0395586999999997,"children":null}}},"DecideAction":{"count":339249,"self":387.3260032,"total":423.6776999,"children":{"RayPerceptionSensor.Perceive":{"count":610650,"self":36.3517024,"total":36.351701399999996,"children":null}}},"AgentAct":{"count":339249,"self":34.855868799999996,"total":34.8558678,"children":null}},"gauges":{"Tank.CumulativeReward":{"count":19561,"max":1,"min":-5.005067,"runningAverage":0.205109313,"value":0.495000333,"weightedAverage":0.366068363}},"metadata":{"timer_format_version":"0.1.0","start_time_seconds":"1615557442","unity_version":"2019.4.18f1","command_line_arguments":"C:\\Program Files\\2019.4.18f1\\Editor\\Unity.exe -projectpath C:\/Users\/aaa\/Downloads\/ML-tanks -useHub -hubIPC -cloudEnvironment production -hubSessionId 0eae5300-8267-11eb-aa22-f33380c2e5d3 -accessToken p_DIoHrTvLT33WjbA5BouydNMi9U4Ueko1O76qJ8TVg00ef","communication_protocol_version":"1.3.0","com.unity.ml-agents_version":"1.7.2-preview","scene_name":"stap2","end_time_seconds":"1615564239"}}