{"count":1,"self":3982.9938175999996,"total":9609.8285501,"children":{"InitializeActuators":{"count":18,"self":0.0020166,"total":0.0020166,"children":null},"InitializeSensors":{"count":18,"self":0.0019951,"total":0.0019951,"children":null},"AgentSendState":{"count":2223051,"self":21.7547072,"total":516.8431421,"children":{"CollectObservations":{"count":2000754,"self":6.6947484,"total":6.6947484999999993,"children":null},"WriteActionMask":{"count":2000754,"self":3.8673319999999998,"total":3.8673320999999996,"children":null},"RequestDecision":{"count":2000754,"self":19.2522528,"total":484.5263544,"children":{"AgentInfo.ToProto":{"count":2000754,"self":9.0093408,"total":465.2741019,"children":{"GenerateSensorData":{"count":2000754,"self":41.107504,"total":456.26476069999995,"children":{"RayPerceptionSensor.Perceive":{"count":2000754,"self":415.157248,"total":415.1572572,"children":null}}}}}}}}},"DecideAction":{"count":2223051,"self":5077.4581247999995,"total":5077.4581836,"children":null},"AgentAct":{"count":2223051,"self":21.060753599999998,"total":21.3695733,"children":{"AgentInfo.ToProto":{"count":1326,"self":0.007959599999999999,"total":0.30881939999999997,"children":{"GenerateSensorData":{"count":1326,"self":0.0374481,"total":0.3008598,"children":{"RayPerceptionSensor.Perceive":{"count":1326,"self":0.26341169999999997,"total":0.26341169999999997,"children":null}}}}}}},"AgentInfo.ToProto":{"count":43600,"self":0.3737429,"total":11.1589798,"children":{"GenerateSensorData":{"count":43600,"self":1.0776978,"total":10.7852369,"children":{"RayPerceptionSensor.Perceive":{"count":43600,"self":9.7075392,"total":9.7075391,"children":null}}}}}},"gauges":{"Tank.CumulativeReward":{"count":22550,"max":2,"min":-1,"runningAverage":0.933966339,"value":1,"weightedAverage":0.9996237},"target.CumulativeReward":{"count":22376,"max":1,"min":-2,"runningAverage":-0.948831558,"value":-1,"weightedAverage":-0.9996237}},"metadata":{"timer_format_version":"0.1.0","start_time_seconds":"1614861285","unity_version":"2019.4.18f1","command_line_arguments":"D:\\Unity\\2019.4.18f1\\Editor\\Unity.exe -projectpath D:\/Project\/UNITY\/ml-agents\/ML-tanks -useHub -hubIPC -cloudEnvironment production -hubSessionId e6aa9a20-7c45-11eb-a3b0-017f0ed156f9 -accessToken zjzlteAfk-4NOJzbtxMSzroiRQX8wjtfKI5gdgOTAgc00ef","communication_protocol_version":"1.3.0","com.unity.ml-agents_version":"1.7.2-preview","scene_name":"step1","end_time_seconds":"1614870895"}}