{"count":1,"self":295.33040639999996,"total":8905.2072139,"children":{"InitializeActuators":{"count":9,"self":0.0019963999999999997,"total":0.0019963999999999997,"children":null},"InitializeSensors":{"count":9,"self":0.0029916,"total":0.0029916,"children":null},"AgentSendState":{"count":221567,"self":14.8636992,"total":288.6961862,"children":{"CollectObservations":{"count":1994103,"self":6.1570024,"total":6.1570022,"children":null},"WriteActionMask":{"count":1994103,"self":3.5630531999999997,"total":3.5630531999999997,"children":null},"RequestDecision":{"count":1994103,"self":20.987488,"total":264.11243129999997,"children":{"AgentInfo.ToProto":{"count":1994103,"self":9.1063984,"total":243.1249432,"children":{"GenerateSensorData":{"count":1994103,"self":46.339248,"total":234.0185448,"children":{"RayPerceptionSensor.Perceive":{"count":3988206,"self":187.679296,"total":187.67929769999998,"children":null}}}}}}}}},"DecideAction":{"count":221567,"self":8295.563264,"total":8295.5631528,"children":null},"AgentAct":{"count":221567,"self":24.642769599999998,"total":24.8592242,"children":{"AgentInfo.ToProto":{"count":1381,"self":0.0130314,"total":0.2164553,"children":{"GenerateSensorData":{"count":1381,"self":0.056130099999999995,"total":0.2034239,"children":{"RayPerceptionSensor.Perceive":{"count":2762,"self":0.1472938,"total":0.1472938,"children":null}}}}}}},"AgentInfo.ToProto":{"count":4496,"self":0.0371831,"total":0.752269,"children":{"GenerateSensorData":{"count":4496,"self":0.1297601,"total":0.71508589999999994,"children":{"RayPerceptionSensor.Perceive":{"count":8992,"self":0.5853258,"total":0.5853258,"children":null}}}}}},"gauges":{"Tank.CumulativeReward":{"count":5877,"max":2,"min":-1.1,"runningAverage":0.550110757,"value":1,"weightedAverage":0.9078593}},"metadata":{"timer_format_version":"0.1.0","start_time_seconds":"1615268977","unity_version":"2019.4.18f1","command_line_arguments":"D:\\Unity\\2019.4.18f1\\Editor\\Unity.exe -projectpath D:\/Project\/UNITY\/ml-agents\/ML-tanks -useHub -hubIPC -cloudEnvironment production -hubSessionId 33dbf050-7fa7-11eb-8370-81201f442e97 -accessToken C0wE9u5SyDQG7lVNcsvqifNPnLUVLP9Da-XEHm7XRHA00ef","communication_protocol_version":"1.3.0","com.unity.ml-agents_version":"1.7.2-preview","scene_name":"step1","end_time_seconds":"1615277882"}}