{"count":1,"self":55.98384,"total":515.4137793,"children":{"InitializeActuators":{"count":18,"self":0.0010000999999999999,"total":0.0010000999999999999,"children":null},"InitializeSensors":{"count":18,"self":0.0020007,"total":0.0020007,"children":null},"AgentSendState":{"count":47867,"self":1.7382396,"total":28.025036699999998,"children":{"CollectObservations":{"count":172332,"self":0.5941487,"total":0.5941487,"children":null},"WriteActionMask":{"count":172332,"self":0.4170847,"total":0.4170847,"children":null},"RequestDecision":{"count":172332,"self":2.160704,"total":25.2755638,"children":{"AgentInfo.ToProto":{"count":172332,"self":0.97620979999999991,"total":23.1148599,"children":{"GenerateSensorData":{"count":172332,"self":4.6454848,"total":22.1386501,"children":{"RayPerceptionSensor.Perceive":{"count":344664,"self":17.4931648,"total":17.493165299999998,"children":null}}}}}}}}},"DecideAction":{"count":47867,"self":417.12276479999997,"total":417.12277509999996,"children":null},"AgentAct":{"count":47867,"self":10.3751608,"total":10.4571772,"children":{"AgentInfo.ToProto":{"count":534,"self":0.0060018,"total":0.0820167,"children":{"GenerateSensorData":{"count":534,"self":0.014004299999999999,"total":0.0760149,"children":{"RayPerceptionSensor.Perceive":{"count":1068,"self":0.0620106,"total":0.0620106,"children":null}}}}}}},"AgentInfo.ToProto":{"count":25026,"self":0.2070621,"total":3.8209522,"children":{"GenerateSensorData":{"count":25026,"self":0.7411684,"total":3.6138901,"children":{"RayPerceptionSensor.Perceive":{"count":50052,"self":2.8727215999999998,"total":2.8727217,"children":null}}}}}},"gauges":{"Tank.CumulativeReward":{"count":25560,"max":1.985,"min":-5.100069,"runningAverage":0.3586697,"value":0.98,"weightedAverage":0.7314836}},"metadata":{"timer_format_version":"0.1.0","start_time_seconds":"1615581443","unity_version":"2019.4.18f1","command_line_arguments":"C:\\Program Files\\2019.4.18f1\\Editor\\Unity.exe -projectpath C:\/Users\/aaa\/Downloads\/ML-tanks -useHub -hubIPC -cloudEnvironment production -hubSessionId 84fcca60-836f-11eb-a4a2-7ff771c0227d -accessToken eCfn68chOQYutVw9dXuMFpb2vnC7LQluF9WwURhe2O400ef","communication_protocol_version":"1.3.0","com.unity.ml-agents_version":"1.7.2-preview","scene_name":"step1","end_time_seconds":"1615581959"}}