{"count":1,"self":924.4243968,"total":7380.7451109999993,"children":{"InitializeActuators":{"count":18,"self":0.0019876,"total":0.0019876,"children":null},"InitializeSensors":{"count":18,"self":0.0009973,"total":0.0009973,"children":null},"AgentSendState":{"count":555667,"self":15.6269952,"total":489.8536243,"children":{"CollectObservations":{"count":2000412,"self":6.3830944,"total":6.3830944999999994,"children":null},"WriteActionMask":{"count":2000412,"self":3.5687575999999996,"total":3.5687575999999996,"children":null},"RequestDecision":{"count":2000412,"self":20.3163296,"total":464.2747763,"children":{"AgentInfo.ToProto":{"count":2000412,"self":8.637912,"total":443.9584461,"children":{"GenerateSensorData":{"count":2000412,"self":42.2669408,"total":435.32053429999996,"children":{"RayPerceptionSensor.Perceive":{"count":2000412,"self":393.0535936,"total":393.0535933,"children":null}}}}}}}}},"DecideAction":{"count":555667,"self":5875.1434752,"total":5875.1434229,"children":null},"AgentAct":{"count":555667,"self":54.834655999999995,"total":56.6105871,"children":{"AgentInfo.ToProto":{"count":10651,"self":0.0775588,"total":1.7759296999999998,"children":{"GenerateSensorData":{"count":10651,"self":0.2464514,"total":1.6983709,"children":{"RayPerceptionSensor.Perceive":{"count":10651,"self":1.4519195,"total":1.4519195,"children":null}}}}}}},"AgentInfo.ToProto":{"count":140896,"self":0.98419349999999994,"total":34.7091066,"children":{"GenerateSensorData":{"count":140896,"self":3.5756216,"total":33.7249131,"children":{"RayPerceptionSensor.Perceive":{"count":140896,"self":30.149292799999998,"total":30.1492914,"children":null}}}}}},"gauges":{"Tank.CumulativeReward":{"count":81006,"max":2,"min":-2,"runningAverage":0.7389816,"value":2,"weightedAverage":0.564015},"target.CumulativeReward":{"count":70541,"max":1,"min":0,"runningAverage":0.0004678151,"value":0,"weightedAverage":2.802597E-45}},"metadata":{"timer_format_version":"0.1.0","start_time_seconds":"1614747305","unity_version":"2019.4.18f1","command_line_arguments":"D:\\Unity\\2019.4.18f1\\Editor\\Unity.exe -projectpath D:\/Project\/UNITY\/ml-agents\/ML-tanks -useHub -hubIPC -cloudEnvironment production -hubSessionId 82349900-7b74-11eb-b780-d1acce3a42f7 -accessToken 7Ayx4W5bqEg2fJDKDHUJ1l6A7t4faxt4co4IuC3EG4800ef","communication_protocol_version":"1.3.0","com.unity.ml-agents_version":"1.7.2-preview","scene_name":"step1","end_time_seconds":"1614754685"}}