{"count":1,"self":94.7720384,"total":118.69557019999999,"children":{"InitializeActuators":{"count":2,"self":0.0019898999999999997,"total":0.0019898999999999997,"children":null},"InitializeSensors":{"count":2,"self":0.0019949,"total":0.0019949,"children":null},"AgentSendState":{"count":26018,"self":0.24841739999999998,"total":1.1435125,"children":{"CollectObservations":{"count":2602,"self":0.0159643,"total":0.0159643,"children":null},"WriteActionMask":{"count":2602,"self":0.0079826999999999988,"total":0.0079826999999999988,"children":null},"RequestDecision":{"count":2602,"self":0.0449032,"total":0.8711481,"children":{"AgentInfo.ToProto":{"count":2602,"self":0.0139635,"total":0.8262449,"children":{"GenerateSensorData":{"count":2602,"self":0.1466102,"total":0.81228139999999993,"children":{"RayPerceptionSensor.Perceive":{"count":5204,"self":0.6656712,"total":0.6656712,"children":null}}}}}}}}},"DecideAction":{"count":26018,"self":22.6622976,"total":22.662297499999998,"children":null},"AgentAct":{"count":26018,"self":0.10376279999999999,"total":0.1067549,"children":{"AgentInfo.ToProto":{"count":7,"self":0,"total":0.0029920999999999997,"children":{"GenerateSensorData":{"count":7,"self":0,"total":0.0029920999999999997,"children":{"RayPerceptionSensor.Perceive":{"count":14,"self":0.0029920999999999997,"total":0.0029920999999999997,"children":null}}}}}}},"AgentInfo.ToProto":{"count":15,"self":0.0009971,"total":0.0059825999999999994,"children":{"GenerateSensorData":{"count":15,"self":0,"total":0.0049854999999999995,"children":{"RayPerceptionSensor.Perceive":{"count":30,"self":0.0049854999999999995,"total":0.0049854999999999995,"children":null}}}}}},"gauges":{"Tank.CumulativeReward":{"count":22,"max":1,"min":-2,"runningAverage":-0.318181872,"value":-1,"weightedAverage":-0.450260282}},"metadata":{"timer_format_version":"0.1.0","start_time_seconds":"1615156893","unity_version":"2019.4.18f1","command_line_arguments":"D:\\Unity\\2019.4.18f1\\Editor\\Unity.exe -projectpath D:\/Project\/UNITY\/ml-agents\/ML-tanks -useHub -hubIPC -cloudEnvironment production -hubSessionId bfaa1db0-7f6a-11eb-842f-27c16b7776e7 -accessToken Gdg28mF1NwUn_8QGB-zN5HUbDGcRNokHP-lmMbeQRBc00ef","communication_protocol_version":"1.3.0","com.unity.ml-agents_version":"1.7.2-preview","scene_name":"step1","end_time_seconds":"1615157012"}}