{"count":1,"self":13.079955199999999,"total":13.2630919,"children":{"InitializeActuators":{"count":1,"self":0.0020001999999999997,"total":0.0020001999999999997,"children":null},"InitializeSensors":{"count":1,"self":0.0030012999999999997,"total":0.0030012999999999997,"children":null},"AgentSendState":{"count":435,"self":0.0030004999999999997,"total":0.027009199999999997,"children":{"CollectObservations":{"count":87,"self":0,"total":0,"children":null},"WriteActionMask":{"count":87,"self":0.0010000999999999999,"total":0.0010000999999999999,"children":null},"RequestDecision":{"count":87,"self":0.0040015,"total":0.0230086,"children":{"RayPerceptionSensor.Perceive":{"count":174,"self":0.0190071,"total":0.0190071,"children":null}}}}},"DecideAction":{"count":435,"self":0.0050013,"total":0.0050013,"children":null},"AgentAct":{"count":435,"self":0.14412429999999998,"total":0.1451246,"children":{"RayPerceptionSensor.Perceive":{"count":4,"self":0.0010003,"total":0.0010003,"children":null}}}},"gauges":{"TankB.CumulativeReward":{"count":2,"max":0.270000517,"min":0.0600007176,"runningAverage":0.165000618,"value":0.270000517,"weightedAverage":0.112500668}},"metadata":{"timer_format_version":"0.1.0","start_time_seconds":"1617452827","unity_version":"2019.4.18f1","command_line_arguments":"C:\\Program Files\\2019.4.18f1\\Editor\\Unity.exe -projectpath C:\/Users\/aaa\/Downloads\/ML-tanks -useHub -hubIPC -cloudEnvironment production -hubSessionId 6d9c0d30-93fb-11eb-82f0-336c28742c1c -accessToken tF6MSPYQk8bQSAU845vhFIjG72SUKzThOn_GUyoYMFM00ef","communication_protocol_version":"1.5.0","com.unity.ml-agents_version":"2.0.0-exp.1","scene_name":"test2","end_time_seconds":"1617452840"}}