{"count":1,"self":181.19001599999999,"total":1397.314193,"children":{"InitializeActuators":{"count":9,"self":0.0019946,"total":0.0019946,"children":null},"InitializeSensors":{"count":9,"self":0.0039892999999999994,"total":0.0039892999999999994,"children":null},"AgentSendState":{"count":278051,"self":4.607108,"total":75.7039483,"children":{"CollectObservations":{"count":500499,"self":1.7071189999999998,"total":1.7071189999999998,"children":null},"WriteActionMask":{"count":500499,"self":0.89676479999999992,"total":0.89676479999999992,"children":null},"RequestDecision":{"count":500499,"self":4.7858028,"total":68.492956499999991,"children":{"AgentInfo.ToProto":{"count":500499,"self":2.5551665999999997,"total":63.7071536,"children":{"GenerateSensorData":{"count":500499,"self":22.9803136,"total":61.151987,"children":{"RayPerceptionSensor.Perceive":{"count":1000998,"self":38.1716736,"total":38.171673,"children":null}}}}}}}}},"DecideAction":{"count":278051,"self":1092.921856,"total":1092.9218538,"children":null},"AgentAct":{"count":278051,"self":47.289471999999996,"total":47.4913911,"children":{"AgentInfo.ToProto":{"count":1267,"self":0.0089559,"total":0.2019203,"children":{"GenerateSensorData":{"count":1267,"self":0.0770573,"total":0.19296439999999998,"children":{"RayPerceptionSensor.Perceive":{"count":2534,"self":0.1159071,"total":0.1159071,"children":null}}}}}}}},"gauges":{"TankA1.CumulativeReward":{"count":1267,"max":63.76517,"min":-26.351223,"runningAverage":31.0777,"value":2.66026378,"weightedAverage":24.947567}},"metadata":{"timer_format_version":"0.1.0","start_time_seconds":"1617275854","unity_version":"2019.4.18f1","command_line_arguments":"D:\\Unity\\2019.4.18f1\\Editor\\Unity.exe -projectpath D:\/Project\/UNITY\/ml-agents\/ML-tanks -useHub -hubIPC -cloudEnvironment production -hubSessionId 4edd72b0-9240-11eb-880b-83403047b98d -accessToken cljupz1iUNTaceN0eIbfkYuhq4-4hMO_x0ymTouCov400ef","communication_protocol_version":"1.5.0","com.unity.ml-agents_version":"2.0.0-exp.1","scene_name":"test3","end_time_seconds":"1617277251"}}