{"count":1,"self":206.3249152,"total":256.218101,"children":{"InitializeActuators":{"count":4,"self":0.0019992,"total":0.0019992,"children":null},"InitializeSensors":{"count":4,"self":0.0040018,"total":0.0040018,"children":null},"AgentSendState":{"count":13584,"self":0.1360254,"total":1.3932455,"children":{"CollectObservations":{"count":8151,"self":0.0340122,"total":0.0340122,"children":null},"WriteActionMask":{"count":8151,"self":0.016002199999999998,"total":0.016002199999999998,"children":null},"RequestDecision":{"count":8151,"self":0.0810241,"total":1.2072057,"children":{"AgentInfo.ToProto":{"count":8151,"self":0.050026299999999996,"total":1.1261816,"children":{"GenerateSensorData":{"count":8151,"self":0.3761365,"total":1.0761553,"children":{"RayPerceptionSensor.Perceive":{"count":16302,"self":0.70001879999999994,"total":0.70001879999999994,"children":null}}}}}}}}},"DecideAction":{"count":13584,"self":48.176876799999995,"total":48.176875599999995,"children":null},"AgentAct":{"count":13584,"self":0.31706829999999997,"total":0.31706829999999997,"children":null}},"gauges":{},"metadata":{"timer_format_version":"0.1.0","start_time_seconds":"1617095834","unity_version":"2019.4.18f1","command_line_arguments":"C:\\Program Files\\2019.4.18f1\\Editor\\Unity.exe -projectpath C:\/Users\/aaa\/Downloads\/ML-tanks -useHub -hubIPC -cloudEnvironment production -hubSessionId 52380f10-9132-11eb-9e0a-edde146c4751 -accessToken HpjL5lqTcimpnP5gVXn2aS6ey08ma0ieYgthvku44NU00ef","communication_protocol_version":"1.5.0","com.unity.ml-agents_version":"2.0.0-exp.1","scene_name":"test2","end_time_seconds":"1617096090"}}