{"count":1,"self":45.097155199999996,"total":48.0945615,"children":{"InitializeActuators":{"count":18,"self":0.0029912,"total":0.0029912,"children":null},"InitializeSensors":{"count":18,"self":0.0029936999999999997,"total":0.0029936999999999997,"children":null},"AgentSendState":{"count":2142,"self":0.0699791,"total":0.39161019999999996,"children":{"CollectObservations":{"count":7722,"self":0.017744899999999997,"total":0.017744899999999997,"children":null},"WriteActionMask":{"count":7722,"self":0.0120451,"total":0.0120451,"children":null},"RequestDecision":{"count":7722,"self":0.0727736,"total":0.29184109999999996,"children":{"RayPerceptionSensor.Perceive":{"count":6864,"self":0.2190675,"total":0.2190675,"children":null}}}}},"DecideAction":{"count":2142,"self":2.1131428,"total":2.1507451,"children":{"RayPerceptionSensor.Perceive":{"count":858,"self":0.037602199999999995,"total":0.037602199999999995,"children":null}}},"AgentAct":{"count":2142,"self":0.4460745,"total":0.44806949999999995,"children":{"RayPerceptionSensor.Perceive":{"count":52,"self":0.001995,"total":0.001995,"children":null}}}},"gauges":{"My Behavior.CumulativeReward":{"count":106,"max":-0.5100028,"min":-0.998,"runningAverage":-0.8460941,"value":-0.914,"weightedAverage":-0.8450785},"TankA1.CumulativeReward":{"count":87,"max":1.19900024,"min":-0.998,"runningAverage":-0.238770053,"value":0,"weightedAverage":-0.05722293}},"metadata":{"timer_format_version":"0.1.0","start_time_seconds":"1617209430","unity_version":"2019.4.18f1","command_line_arguments":"D:\\Unity\\2019.4.18f1\\Editor\\Unity.exe -projectpath D:\/Project\/UNITY\/ml-agents\/ML-tanks -useHub -hubIPC -cloudEnvironment production -hubSessionId 4edd72b0-9240-11eb-880b-83403047b98d -accessToken mMJBL5F4iSVReSMiMpwj5vCaNaDxVFiYEM0KUBtZvVQ00ef","communication_protocol_version":"1.5.0","com.unity.ml-agents_version":"2.0.0-exp.1","scene_name":"test3","end_time_seconds":"1617209477"}}