{"count":1,"self":2.8088159999999998,"total":19.226137899999998,"children":{"InitializeActuators":{"count":4,"self":0.0010000999999999999,"total":0.0010000999999999999,"children":null},"InitializeSensors":{"count":4,"self":0.0030014,"total":0.0030014,"children":null},"AgentSendState":{"count":3934,"self":0.040014299999999996,"total":0.41314979999999996,"children":{"CollectObservations":{"count":2361,"self":0.0120025,"total":0.0120025,"children":null},"WriteActionMask":{"count":2361,"self":0.0030004999999999997,"total":0.0030004999999999997,"children":null},"RequestDecision":{"count":2361,"self":0.0360099,"total":0.35813249999999996,"children":{"AgentInfo.ToProto":{"count":2361,"self":0.0130041,"total":0.3221226,"children":{"GenerateSensorData":{"count":2361,"self":0.1440564,"total":0.30911849999999996,"children":{"RayPerceptionSensor.Perceive":{"count":4722,"self":0.1650621,"total":0.1650621,"children":null}}}}}}}}},"DecideAction":{"count":3934,"self":15.9051472,"total":15.905146799999999,"children":null},"AgentAct":{"count":3934,"self":0.0940234,"total":0.0940234,"children":null}},"gauges":{},"metadata":{"timer_format_version":"0.1.0","start_time_seconds":"1617214689","unity_version":"2019.4.18f1","command_line_arguments":"C:\\Program Files\\2019.4.18f1\\Editor\\Unity.exe -projectpath C:\/Users\/aaa\/Downloads\/ML-tanks -useHub -hubIPC -cloudEnvironment production -hubSessionId 88d795f0-9249-11eb-89ab-833e666398f6 -accessToken y7KKKNtS3LWVhoI_DF_f6H8wka4aM8me9c6q3_iJqEM00ef","communication_protocol_version":"1.5.0","com.unity.ml-agents_version":"2.0.0-exp.1","scene_name":"test2","end_time_seconds":"1617214708"}}