{"count":1,"self":53.6922496,"total":230.56540429999998,"children":{"InitializeActuators":{"count":9,"self":0.0019976,"total":0.0019976,"children":null},"InitializeSensors":{"count":9,"self":0.0029904,"total":0.0029904,"children":null},"AgentSendState":{"count":36601,"self":0.635081,"total":12.8545383,"children":{"CollectObservations":{"count":65889,"self":0.22511869999999998,"total":0.22511869999999998,"children":null},"WriteActionMask":{"count":65889,"self":0.11074729999999999,"total":0.11074729999999999,"children":null},"RequestDecision":{"count":65889,"self":0.5955287,"total":11.883591299999999,"children":{"AgentInfo.ToProto":{"count":65889,"self":0.33509289999999997,"total":11.2880626,"children":{"GenerateSensorData":{"count":65889,"self":3.2798879999999997,"total":10.952969699999999,"children":{"RayPerceptionSensor.Perceive":{"count":131778,"self":7.6730816,"total":7.6730816,"children":null}}}}}}}}},"DecideAction":{"count":36601,"self":157.7814656,"total":157.781462,"children":null},"AgentAct":{"count":36601,"self":6.2171448,"total":6.2311720999999993,"children":{"AgentInfo.ToProto":{"count":111,"self":0.0019954,"total":0.014027399999999999,"children":{"GenerateSensorData":{"count":111,"self":0.0049976,"total":0.012032,"children":{"RayPerceptionSensor.Perceive":{"count":222,"self":0.0070344,"total":0.0070344,"children":null}}}}}}}},"gauges":{"TankA.CumulativeReward":{"count":111,"max":59.6758423,"min":-41.7498665,"runningAverage":26.7652416,"value":4.010671,"weightedAverage":20.68361}},"metadata":{"timer_format_version":"0.1.0","start_time_seconds":"1617448830","unity_version":"2019.4.18f1","command_line_arguments":"D:\\Unity\\2019.4.18f1\\Editor\\Unity.exe -projectpath D:\/Project\/UNITY\/ml-agents\/ML-tanks -useHub -hubIPC -cloudEnvironment production -hubSessionId 6b086530-9457-11eb-9038-3188e9e84ac7 -accessToken ec5bzish0y7o5gli8MpNgw38eMV9_sIcAP7SK3MtpD800ef","communication_protocol_version":"1.5.0","com.unity.ml-agents_version":"2.0.0-exp.1","scene_name":"test3","end_time_seconds":"1617449060"}}