{"count":1,"self":179.560704,"total":1431.5491594999999,"children":{"InitializeActuators":{"count":9,"self":0.002992,"total":0.002992,"children":null},"InitializeSensors":{"count":9,"self":0.0039894,"total":0.0039894,"children":null},"AgentSendState":{"count":262317,"self":4.3479712,"total":89.262345,"children":{"CollectObservations":{"count":472176,"self":1.5229458,"total":1.5229458,"children":null},"WriteActionMask":{"count":472176,"self":0.8774963,"total":0.8774963,"children":null},"RequestDecision":{"count":472176,"self":4.31644,"total":82.5139318,"children":{"AgentInfo.ToProto":{"count":472176,"self":2.3116136,"total":78.1974917,"children":{"GenerateSensorData":{"count":472176,"self":21.403662399999998,"total":75.8858782,"children":{"RayPerceptionSensor.Perceive":{"count":944352,"self":54.4822144,"total":54.4822157,"children":null}}}}}}}}},"DecideAction":{"count":262317,"self":1122.6031103999999,"total":1122.6030749,"children":null},"AgentAct":{"count":262317,"self":39.9982592,"total":40.114064899999995,"children":{"AgentInfo.ToProto":{"count":783,"self":0.0019962,"total":0.11580689999999999,"children":{"GenerateSensorData":{"count":783,"self":0.038900699999999996,"total":0.1138107,"children":{"RayPerceptionSensor.Perceive":{"count":1566,"self":0.07490999999999999,"total":0.07490999999999999,"children":null}}}}}}}},"gauges":{"TankA.CumulativeReward":{"count":783,"max":-160.240448,"min":-294.5489,"runningAverage":-258.7316,"value":-241.496048,"weightedAverage":-238.218781}},"metadata":{"timer_format_version":"0.1.0","start_time_seconds":"1617444511","unity_version":"2019.4.18f1","command_line_arguments":"D:\\Unity\\2019.4.18f1\\Editor\\Unity.exe -projectpath D:\/Project\/UNITY\/ml-agents\/ML-tanks -useHub -hubIPC -cloudEnvironment production -hubSessionId 6b086530-9457-11eb-9038-3188e9e84ac7 -accessToken ec5bzish0y7o5gli8MpNgw38eMV9_sIcAP7SK3MtpD800ef","communication_protocol_version":"1.5.0","com.unity.ml-agents_version":"2.0.0-exp.1","scene_name":"test3","end_time_seconds":"1617445943"}}