{"count":1,"self":49.6328896,"total":50.917828199999995,"children":{"InitializeActuators":{"count":9,"self":0.0020016,"total":0.0020016,"children":null},"InitializeSensors":{"count":9,"self":0.0029993999999999997,"total":0.0029993999999999997,"children":null},"AgentSendState":{"count":2325,"self":0.054348099999999996,"total":0.6403702,"children":{"CollectObservations":{"count":4185,"self":0.0255005,"total":0.0255005,"children":null},"WriteActionMask":{"count":4185,"self":0.0070082,"total":0.0070082,"children":null},"RequestDecision":{"count":4185,"self":0.056984,"total":0.55351339999999993,"children":{"RayPerceptionSensor.Perceive":{"count":12555,"self":0.49652939999999995,"total":0.49652939999999995,"children":null}}}}},"DecideAction":{"count":2325,"self":0.0724543,"total":0.0724543,"children":null},"AgentAct":{"count":2325,"self":0.56511329999999993,"total":0.5661134,"children":{"RayPerceptionSensor.Perceive":{"count":30,"self":0.0010000999999999999,"total":0.0010000999999999999,"children":null}}}},"gauges":{"TankB.CumulativeReward":{"count":10,"max":2.4799695,"min":-150.09996,"runningAverage":-134.841965,"value":-150.09996,"weightedAverage":-138.643539}},"metadata":{"timer_format_version":"0.1.0","start_time_seconds":"1618024554","unity_version":"2019.4.18f1","command_line_arguments":"C:\\Program Files\\2019.4.18f1\\Editor\\Unity.exe -projectpath C:\/Users\/aaa\/Downloads\/ML-tanks -useHub -hubIPC -cloudEnvironment production -skipUpgradeDialogs -hubSessionId 4fb8f550-9935-11eb-96f5-b38b2bd0cdae -accessToken 1YrMFjLtww4bYHkoJBAD1muGl-N2ckbPTIILneS9brY00ef","communication_protocol_version":"1.5.0","com.unity.ml-agents_version":"2.0.0-exp.1","scene_name":"test3","end_time_seconds":"1618024604"}}