{"count":1,"self":2566.8202496,"total":11054.272344199999,"children":{"InitializeActuators":{"count":9,"self":0.0029917999999999998,"total":0.0029917999999999998,"children":null},"InitializeSensors":{"count":9,"self":0.0029915,"total":0.0029915,"children":null},"AgentSendState":{"count":1666851,"self":27.2586464,"total":627.939449,"children":{"CollectObservations":{"count":3000339,"self":10.5231824,"total":10.5231826,"children":null},"WriteActionMask":{"count":3000339,"self":5.261724,"total":5.2617237999999995,"children":null},"RequestDecision":{"count":3000339,"self":26.9107904,"total":584.89589649999994,"children":{"AgentInfo.ToProto":{"count":3000339,"self":14.941656,"total":557.9851054,"children":{"GenerateSensorData":{"count":3000339,"self":143.8728064,"total":543.0434494,"children":{"RayPerceptionSensor.Perceive":{"count":6000678,"self":399.17063679999995,"total":399.17064009999996,"children":null}}}}}}}}},"DecideAction":{"count":1666851,"self":7473.1479039999995,"total":7473.1477678,"children":null},"AgentAct":{"count":1666851,"self":377.2621824,"total":386.3578988,"children":{"AgentInfo.ToProto":{"count":43403,"self":0.34707279999999996,"total":9.0957059,"children":{"GenerateSensorData":{"count":43403,"self":2.698238,"total":8.7486331,"children":{"RayPerceptionSensor.Perceive":{"count":86806,"self":6.0503952,"total":6.0503952,"children":null}}}}}}}},"gauges":{"TankB.CumulativeReward":{"count":43403,"max":2.19559073,"min":-1.48189533,"runningAverage":1.00419462,"value":1.11390138,"weightedAverage":1.09724844}},"metadata":{"timer_format_version":"0.1.0","start_time_seconds":"1617511433","unity_version":"2019.4.18f1","command_line_arguments":"D:\\Unity\\2019.4.18f1\\Editor\\Unity.exe -projectpath D:\/Project\/UNITY\/ml-agents\/ML-tanks -useHub -hubIPC -cloudEnvironment production -hubSessionId 6b086530-9457-11eb-9038-3188e9e84ac7 -accessToken ec5bzish0y7o5gli8MpNgw38eMV9_sIcAP7SK3MtpD800ef","communication_protocol_version":"1.5.0","com.unity.ml-agents_version":"2.0.0-exp.1","scene_name":"test3","end_time_seconds":"1617522488"}}