{"count":1,"self":53.642755199999996,"total":54.9876571,"children":{"InitializeActuators":{"count":9,"self":0.0029919,"total":0.0029919,"children":null},"InitializeSensors":{"count":9,"self":0.0029912999999999997,"total":0.0029912999999999997,"children":null},"AgentSendState":{"count":2434,"self":0.041902999999999996,"total":0.66418919999999992,"children":{"CollectObservations":{"count":4383,"self":0.017034,"total":0.017034,"children":null},"WriteActionMask":{"count":4383,"self":0.012037599999999999,"total":0.012037599999999999,"children":null},"RequestDecision":{"count":4383,"self":0.047148999999999996,"total":0.59321459999999993,"children":{"RayPerceptionSensor.Perceive":{"count":8766,"self":0.54606559999999993,"total":0.54606559999999993,"children":null}}}}},"DecideAction":{"count":2434,"self":0.0603938,"total":0.0603938,"children":null},"AgentAct":{"count":2434,"self":0.612333,"total":0.6133381,"children":{"RayPerceptionSensor.Perceive":{"count":20,"self":0.0010050999999999999,"total":0.0010050999999999999,"children":null}}},"RayPerceptionSensor.Perceive":{"count":8,"self":0,"total":0,"children":null}},"gauges":{"TankB.CumulativeReward":{"count":14,"max":1.06670094,"min":-1.44999516,"runningAverage":-0.8531187,"value":-0.2121011,"weightedAverage":-0.356553018}},"metadata":{"timer_format_version":"0.1.0","start_time_seconds":"1617526528","unity_version":"2019.4.18f1","command_line_arguments":"D:\\Unity\\2019.4.18f1\\Editor\\Unity.exe -projectpath D:\/Project\/UNITY\/ml-agents\/ML-tanks -useHub -hubIPC -cloudEnvironment production -hubSessionId 6b086530-9457-11eb-9038-3188e9e84ac7 -accessToken ec5bzish0y7o5gli8MpNgw38eMV9_sIcAP7SK3MtpD800ef","communication_protocol_version":"1.5.0","com.unity.ml-agents_version":"2.0.0-exp.1","scene_name":"test3","end_time_seconds":"1617526583"}}