{"count":1,"self":188.2318848,"total":614.26844729999993,"children":{"InitializeActuators":{"count":2,"self":0.0019986,"total":0.0019986,"children":null},"InitializeSensors":{"count":2,"self":0.0029714999999999997,"total":0.0029714999999999997,"children":null},"AgentSendState":{"count":237717,"self":1.3996758,"total":10.822060299999999,"children":{"CollectObservations":{"count":47544,"self":0.2651782,"total":0.2651782,"children":null},"WriteActionMask":{"count":47544,"self":0.11465539999999999,"total":0.11465539999999999,"children":null},"RequestDecision":{"count":47544,"self":0.6646078,"total":9.0425509,"children":{"AgentInfo.ToProto":{"count":47544,"self":0.4364461,"total":8.3779431,"children":{"GenerateSensorData":{"count":47544,"self":3.1338331999999998,"total":7.941497,"children":{"RayPerceptionSensor.Perceive":{"count":95088,"self":4.8076636,"total":4.8076637,"children":null}}}}}}}}},"DecideAction":{"count":237717,"self":411.79197439999996,"total":411.7919622,"children":null},"AgentAct":{"count":237717,"self":3.4165704,"total":3.4165702,"children":null}},"gauges":{},"metadata":{"timer_format_version":"0.1.0","start_time_seconds":"1617340886","unity_version":"2019.4.18f1","command_line_arguments":"D:\\Unity\\2019.4.18f1\\Editor\\Unity.exe -projectpath D:\/Project\/UNITY\/ml-agents\/ML-tanks -useHub -hubIPC -cloudEnvironment production -hubSessionId 4edd72b0-9240-11eb-880b-83403047b98d -accessToken XfnOmPYjt5V8B7iNTvMAeLXhv2XqcuBmJo-mHAPOH1k00ef","communication_protocol_version":"1.5.0","com.unity.ml-agents_version":"2.0.0-exp.1","scene_name":"test2","end_time_seconds":"1617341500"}}