{"count":1,"self":7376.7395327999993,"total":7732.3844979,"children":{"InitializeActuators":{"count":9,"self":0.0050098999999999994,"total":0.0050098999999999994,"children":null},"InitializeSensors":{"count":9,"self":0.0029728,"total":0.0029728,"children":null},"AgentSendState":{"count":385953,"self":7.1844111999999996,"total":89.339125799999991,"children":{"CollectObservations":{"count":694719,"self":2.724428,"total":2.7244281,"children":null},"WriteActionMask":{"count":694719,"self":1.2098923,"total":1.2098923,"children":null},"RequestDecision":{"count":694719,"self":7.7242343999999994,"total":78.220394,"children":{"RayPerceptionSensor.Perceive":{"count":1852584,"self":70.49616,"total":70.4961593,"children":null}}}}},"DecideAction":{"count":385953,"self":152.7378944,"total":162.368788,"children":{"RayPerceptionSensor.Perceive":{"count":231573,"self":9.6308975999999991,"total":9.6308975999999991,"children":null}}},"AgentAct":{"count":385953,"self":103.7061568,"total":103.9278191,"children":{"RayPerceptionSensor.Perceive":{"count":6195,"self":0.2216609,"total":0.2216609,"children":null}}}},"gauges":{"TankB.CumulativeReward":{"count":3730,"max":75.90616,"min":-1.0092,"runningAverage":4.77469254,"value":-0.150001958,"weightedAverage":1.24647224}},"metadata":{"timer_format_version":"0.1.0","start_time_seconds":"1617898233","unity_version":"2019.4.18f1","command_line_arguments":"D:\\Unity\\2019.4.18f1\\Editor\\Unity.exe -projectpath D:\/Project\/UNITY\/ml-agents\/ML-tanks -useHub -hubIPC -cloudEnvironment production -hubSessionId 6b086530-9457-11eb-9038-3188e9e84ac7 -accessToken ec5bzish0y7o5gli8MpNgw38eMV9_sIcAP7SK3MtpD800ef","communication_protocol_version":"1.5.0","com.unity.ml-agents_version":"2.0.0-exp.1","scene_name":"test3","end_time_seconds":"1617905965"}}