{
    "name": "root",
    "gauges": {
        "TankA1.Policy.Entropy.mean": {
            "value": 3.6106371879577637,
            "min": 3.6106371879577637,
            "max": 3.7427890300750732,
            "count": 10
        },
        "TankA1.Policy.Entropy.sum": {
            "value": 180806.265625,
            "min": 180806.265625,
            "max": 188030.0,
            "count": 10
        },
        "TankA1.Policy.ExtrinsicValueEstimate.mean": {
            "value": 6.511143684387207,
            "min": 4.066969871520996,
            "max": 6.5999674797058105,
            "count": 10
        },
        "TankA1.Policy.ExtrinsicValueEstimate.sum": {
            "value": 5482.3828125,
            "min": 3379.65185546875,
            "max": 5576.97265625,
            "count": 10
        },
        "TankA1.Environment.EpisodeLength.mean": {
            "value": 437.640350877193,
            "min": 437.640350877193,
            "max": 574.9277108433735,
            "count": 10
        },
        "TankA1.Environment.EpisodeLength.sum": {
            "value": 49891.0,
            "min": 47719.0,
            "max": 51037.0,
            "count": 10
        },
        "TankA1.Environment.CumulativeReward.mean": {
            "value": 30.137098988681508,
            "min": 21.128185215305134,
            "max": 31.358424390355747,
            "count": 10
        },
        "TankA1.Environment.CumulativeReward.sum": {
            "value": 3435.629284709692,
            "min": 1753.639372870326,
            "max": 3435.629284709692,
            "count": 10
        },
        "TankA1.Policy.ExtrinsicReward.mean": {
            "value": 30.137098988681508,
            "min": 21.128185215305134,
            "max": 31.358424390355747,
            "count": 10
        },
        "TankA1.Policy.ExtrinsicReward.sum": {
            "value": 3435.629284709692,
            "min": 1753.639372870326,
            "max": 3435.629284709692,
            "count": 10
        },
        "TankA1.Losses.PolicyLoss.mean": {
            "value": 0.02231141757530471,
            "min": 0.02024773323015931,
            "max": 0.02537382533152898,
            "count": 10
        },
        "TankA1.Losses.PolicyLoss.sum": {
            "value": 0.11155708787652355,
            "min": 0.08099093292063723,
            "max": 0.1268691266576449,
            "count": 10
        },
        "TankA1.Losses.ValueLoss.mean": {
            "value": 2.586938421726227,
            "min": 2.4076711034774783,
            "max": 3.968110750118891,
            "count": 10
        },
        "TankA1.Losses.ValueLoss.sum": {
            "value": 12.934692108631134,
            "min": 10.933661055564881,
            "max": 19.458832987149556,
            "count": 10
        },
        "TankA1.Policy.LearningRate.mean": {
            "value": 1.6352134549320004e-05,
            "min": 1.6352134549320004e-05,
            "max": 0.0002844585051805,
            "count": 10
        },
        "TankA1.Policy.LearningRate.sum": {
            "value": 8.176067274660002e-05,
            "min": 8.176067274660002e-05,
            "max": 0.0012836946721017997,
            "count": 10
        },
        "TankA1.Policy.Epsilon.mean": {
            "value": 0.10545067999999999,
            "min": 0.10545067999999999,
            "max": 0.1948195,
            "count": 10
        },
        "TankA1.Policy.Epsilon.sum": {
            "value": 0.5272534,
            "min": 0.49988859999999996,
            "max": 0.9278982000000001,
            "count": 10
        },
        "TankA1.Policy.Beta.mean": {
            "value": 0.00028198893200000007,
            "min": 0.00028198893200000007,
            "max": 0.00474149305,
            "count": 10
        },
        "TankA1.Policy.Beta.sum": {
            "value": 0.0014099446600000004,
            "min": 0.0014099446600000004,
            "max": 0.021402120179999998,
            "count": 10
        },
        "TankA1.IsTraining.mean": {
            "value": 1.0,
            "min": 1.0,
            "max": 1.0,
            "count": 10
        },
        "TankA1.IsTraining.sum": {
            "value": 1.0,
            "min": 1.0,
            "max": 1.0,
            "count": 10
        }
    },
    "metadata": {
        "timer_format_version": "0.1.0",
        "start_time_seconds": "1617273455",
        "python_version": "3.8.7 (tags/v3.8.7:6503f05, Dec 21 2020, 17:59:51) [MSC v.1928 64 bit (AMD64)]",
        "command_line_arguments": "D:\\Project\\UNITY\\ml-agents\\ML-tanks\\mlagents\\Scripts\\mlagents-learn --run-id=targettest --initialize-from=target --force",
        "mlagents_version": "0.25.0",
        "mlagents_envs_version": "0.25.0",
        "communication_protocol_version": "1.5.0",
        "pytorch_version": "1.7.1+cu110",
        "numpy_version": "1.20.1",
        "end_time_seconds": "1617275130"
    },
    "total": 1675.2431156,
    "count": 1,
    "self": 0.005223399999977119,
    "children": {
        "run_training.setup": {
            "total": 0.02270670000000008,
            "count": 1,
            "self": 0.02270670000000008
        },
        "TrainerController.start_learning": {
            "total": 1675.2151855,
            "count": 1,
            "self": 1.255438399989771,
            "children": {
                "TrainerController._reset_env": {
                    "total": 7.3810971,
                    "count": 1,
                    "self": 7.3810971
                },
                "TrainerController.advance": {
                    "total": 1666.4718202000101,
                    "count": 56459,
                    "self": 0.6329646999795386,
                    "children": {
                        "env_step": {
                            "total": 1665.8388555000306,
                            "count": 56459,
                            "self": 1358.2457891000176,
                            "children": {
                                "SubprocessEnvManager._take_step": {
                                    "total": 306.9362545999901,
                                    "count": 56459,
                                    "self": 2.8619778999691334,
                                    "children": {
                                        "TorchPolicy.evaluate": {
                                            "total": 304.07427670002096,
                                            "count": 55615,
                                            "self": 74.03497910001403,
                                            "children": {
                                                "TorchPolicy.sample_actions": {
                                                    "total": 230.03929760000693,
                                                    "count": 55615,
                                                    "self": 230.03929760000693
                                                }
                                            }
                                        }
                                    }
                                },
                                "workers": {
                                    "total": 0.656811800022794,
                                    "count": 56459,
                                    "self": 0.0,
                                    "children": {
                                        "worker_root": {
                                            "total": 1667.5350949000158,
                                            "count": 56459,
                                            "is_parallel": true,
                                            "self": 384.2053701000282,
                                            "children": {
                                                "steps_from_proto": {
                                                    "total": 0.0007259999999993383,
                                                    "count": 1,