{
    "TankA1": {
        "checkpoints": [
            {
                "steps": 499998,
                "file_path": "results\\targettest\\TankA1\\TankA1-499998.onnx",
                "reward": 0.21398847210101593,
                "creation_time": 1617202477.5962036
            },
            {
                "steps": 500191,
                "file_path": "results\\targettest\\TankA1\\TankA1-500191.onnx",
                "reward": 0.2222900103777647,
                "creation_time": 1617202478.3756802
            }
        ],
        "final_checkpoint": {
            "steps": 500191,
            "file_path": "results\\targettest\\TankA1.onnx",
            "reward": 0.2222900103777647,
            "creation_time": 1617202478.3756802
        }
    },
    "My Behavior": {
        "checkpoints": [
            {
                "steps": 499995,
                "file_path": "results\\targettest\\My Behavior\\My Behavior-499995.onnx",
                "reward": -0.9119999961694703,
                "creation_time": 1617202478.2480197
            },
            {
                "steps": 500047,
                "file_path": "results\\targettest\\My Behavior\\My Behavior-500047.onnx",
                "reward": -0.9122403064208437,
                "creation_time": 1617202478.4474905
            }
        ],
        "final_checkpoint": {
            "steps": 500047,
            "file_path": "results\\targettest\\My Behavior.onnx",
            "reward": -0.9122403064208437,
            "creation_time": 1617202478.4474905
        }
    },
    "metadata": {
        "stats_format_version": "0.2.0",
        "mlagents_version": "0.25.0",
        "torch_version": "1.7.1+cu110"
    }
}