{
    "name": "root",
    "gauges": {
        "Tank.Policy.Entropy.mean": {
            "value": 3.137913465499878,
            "min": 3.137913465499878,
            "max": 4.308628559112549,
            "count": 41
        },
        "Tank.Policy.Entropy.sum": {
            "value": 37231.34375,
            "min": 37231.34375,
            "max": 58890.3359375,
            "count": 41
        },
        "Tank.Environment.EpisodeLength.mean": {
            "value": 12.782006920415226,
            "min": 12.165751920965972,
            "max": 128.51063829787233,
            "count": 41
        },
        "Tank.Environment.EpisodeLength.sum": {
            "value": 11082.0,
            "min": 11082.0,
            "max": 12112.0,
            "count": 41
        },
        "Tank.Policy.ExtrinsicValueEstimate.mean": {
            "value": 0.18541723489761353,
            "min": -0.949271023273468,
            "max": 0.19780176877975464,
            "count": 41
        },
        "Tank.Policy.ExtrinsicValueEstimate.sum": {
            "value": 161.31298828125,
            "min": -142.26312255859375,
            "max": 163.80218505859375,
            "count": 41
        },
        "Tank.Environment.CumulativeReward.mean": {
            "value": 0.12281610734503845,
            "min": -3.079021773422542,
            "max": 0.13950111318314284,
            "count": 41
        },
        "Tank.Environment.CumulativeReward.sum": {
            "value": 106.85001339018345,
            "min": -285.3400054201484,
            "max": 127.22501522302628,
            "count": 41
        },
        "Tank.Policy.ExtrinsicReward.mean": {
            "value": 0.12281610734503845,
            "min": -3.079021773422542,
            "max": 0.13950111318314284,
            "count": 41
        },
        "Tank.Policy.ExtrinsicReward.sum": {
            "value": 106.85001339018345,
            "min": -285.3400054201484,
            "max": 127.22501522302628,
            "count": 41
        },
        "Tank.IsTraining.mean": {
            "value": 1.0,
            "min": 1.0,
            "max": 1.0,
            "count": 41
        },
        "Tank.IsTraining.sum": {
            "value": 1.0,
            "min": 1.0,
            "max": 1.0,
            "count": 41
        },
        "Tank.Losses.PolicyLoss.mean": {
            "value": 0.0729375912896891,
            "min": 0.06837843969546763,
            "max": 0.07937419214775825,
            "count": 40
        },
        "Tank.Losses.PolicyLoss.sum": {
            "value": 0.0729375912896891,
            "min": 0.06837843969546763,
            "max": 0.07937419214775825,
            "count": 40
        },
        "Tank.Losses.ValueLoss.mean": {
            "value": 0.14442911657194296,
            "min": 0.047779129040442875,
            "max": 0.1464152419815461,
            "count": 40
        },
        "Tank.Losses.ValueLoss.sum": {
            "value": 0.14442911657194296,
            "min": 0.047779129040442875,
            "max": 0.1464152419815461,
            "count": 40
        },
        "Tank.Policy.LearningRate.mean": {
            "value": 1.0125096624999984e-05,
            "min": 1.0125096624999984e-05,
            "max": 0.0002926956024347999,
            "count": 40
        },
        "Tank.Policy.LearningRate.sum": {
            "value": 1.0125096624999984e-05,
            "min": 1.0125096624999984e-05,
            "max": 0.0002926956024347999,
            "count": 40
        },
        "Tank.Policy.Epsilon.mean": {
            "value": 0.103375,
            "min": 0.103375,
            "max": 0.1975652,
            "count": 40
        },
        "Tank.Policy.Epsilon.sum": {
            "value": 0.103375,
            "min": 0.103375,
            "max": 0.1975652,
            "count": 40
        },
        "Tank.Policy.Beta.mean": {
            "value": 4.3412499999999944e-05,
            "min": 4.3412499999999944e-05,
            "max": 0.00097589548,
            "count": 40
        },
        "Tank.Policy.Beta.sum": {
            "value": 4.3412499999999944e-05,
            "min": 4.3412499999999944e-05,
            "max": 0.00097589548,
            "count": 40
        }
    },
    "metadata": {
        "timer_format_version": "0.1.0",
        "start_time_seconds": "1615873748",
        "python_version": "3.8.5 (default, Sep  3 2020, 21:29:08) [MSC v.1916 64 bit (AMD64)]",
        "command_line_arguments": "C:\\Users\\aaa\\anaconda3\\Scripts\\mlagents-learn .\\test.yaml --run-id=two_1 --force",
        "mlagents_version": "0.24.1",
        "mlagents_envs_version": "0.24.1",
        "communication_protocol_version": "1.4.0",
        "pytorch_version": "1.7.0+cu110",
        "numpy_version": "1.18.5",
        "end_time_seconds": "1615907755"
    },
    "total": 1606.0638318,
    "count": 1,
    "self": 0.007170299999870622,
    "children": {
        "run_training.setup": {
            "total": 0.16856080000000007,
            "count": 1,
            "self": 0.16856080000000007
        },
        "TrainerController.start_learning": {
            "total": 1605.8881007,
            "count": 1,
            "self": 0.7200994000229457,
            "children": {
                "TrainerController._reset_env": {
                    "total": 7.1505686,
                    "count": 1,
                    "self": 7.1505686
                },
                "TrainerController.advance": {
                    "total": 1597.877262299977,
                    "count": 35712,
                    "self": 0.3637994999651255,
                    "children": {
                        "env_step": {
                            "total": 1597.513462800012,
                            "count": 35712,
                            "self": 1466.8443823999908,
                            "children": {
                                "SubprocessEnvManager._take_step": {
                                    "total": 130.24451329999798,
                                    "count": 35712,
                                    "self": 1.4748148000088577,
                                    "children": {
                                        "TorchPolicy.evaluate": {
                                            "total": 128.76969849998912,
                                            "count": 28586,
                                            "self": 36.974439099986284,
                                            "children": {
                                                "TorchPolicy.sample_actions": {
                                                    "total": 91.79525940000283,
                                                    "count": 28586,
                                                    "self": 91.79525940000283
                                                }
                                            }
                                        }
                                    }
                                },
                                "workers": {
                                    "total": 0.4245671000231699,
                                    "count": 35712,
                                    "self": 0.0,
                                    "children": {
                                        "worker_root": {
                                            "total": 1600.153296199972,
                                            "count": 35712,
                                            "is_parallel": true,
                                            "self": 250.85462549996714,
                                            "children": {
                                                "steps_from_proto": {
                                                    "total": 0.0015784999999999272,