{
    "name": "root",
    "metadata": {
        "timer_format_version": "0.1.0",
        "start_time_seconds": "1617214684",
        "python_version": "3.8.5 (default, Sep  3 2020, 21:29:08) [MSC v.1916 64 bit (AMD64)]",
        "command_line_arguments": "C:\\Users\\aaa\\anaconda3\\Scripts\\mlagents-learn --force",
        "mlagents_version": "0.24.1",
        "mlagents_envs_version": "0.24.1",
        "communication_protocol_version": "1.4.0",
        "pytorch_version": "1.7.0+cu110",
        "numpy_version": "1.18.5",
        "end_time_seconds": "1617214709"
    },
    "total": 24.942147799999997,
    "count": 1,
    "self": 0.002899399999996888,
    "children": {
        "run_training.setup": {
            "total": 0.11792510000000012,
            "count": 1,
            "self": 0.11792510000000012
        },
        "TrainerController.start_learning": {
            "total": 24.8213233,
            "count": 1,
            "self": 0.029295400000005856,
            "children": {
                "TrainerController._reset_env": {
                    "total": 7.8301824,
                    "count": 1,
                    "self": 7.8301824
                },
                "TrainerController.advance": {
                    "total": 16.253901899999992,
                    "count": 784,
                    "self": 0.007088299999999492,
                    "children": {
                        "env_step": {
                            "total": 16.246813599999992,
                            "count": 784,
                            "self": 8.651327099999957,
                            "children": {
                                "SubprocessEnvManager._take_step": {
                                    "total": 7.587780000000004,
                                    "count": 784,
                                    "self": 0.08071770000000456,
                                    "children": {
                                        "TorchPolicy.evaluate": {
                                            "total": 7.507062299999999,
                                            "count": 2352,
                                            "self": 1.822775099999987,
                                            "children": {
                                                "TorchPolicy.sample_actions": {
                                                    "total": 5.684287200000012,
                                                    "count": 2352,
                                                    "self": 5.684287200000012
                                                }
                                            }
                                        }
                                    }
                                },
                                "workers": {
                                    "total": 0.007706500000031369,
                                    "count": 783,
                                    "self": 0.0,
                                    "children": {
                                        "worker_root": {
                                            "total": 18.79860990000002,
                                            "count": 783,
                                            "is_parallel": true,
                                            "self": 10.892336999999918,
                                            "children": {
                                                "steps_from_proto": {
                                                    "total": 0.0007941000000002418,
                                                    "count": 3,
                                                    "is_parallel": true,
                                                    "self": 0.0003504999999996983,
                                                    "children": {
                                                        "_process_vector_observation": {
                                                            "total": 0.00044360000000054356,
                                                            "count": 18,
                                                            "is_parallel": true,
                                                            "self": 0.00044360000000054356
                                                        }
                                                    }
                                                },
                                                "UnityEnvironment.step": {
                                                    "total": 7.905478800000102,
                                                    "count": 783,
                                                    "is_parallel": true,
                                                    "self": 0.055555899999948366,
                                                    "children": {
                                                        "UnityEnvironment._generate_step_input": {
                                                            "total": 0.15963380000005678,
                                                            "count": 783,
                                                            "is_parallel": true,
                                                            "self": 0.15963380000005678
                                                        },
                                                        "communicator.exchange": {
                                                            "total": 7.199441800000018,
                                                            "count": 783,
                                                            "is_parallel": true,
                                                            "self": 7.199441800000018
                                                        },
                                                        "steps_from_proto": {
                                                            "total": 0.4908473000000786,
                                                            "count": 2349,
                                                            "is_parallel": true,
                                                            "self": 0.20602119999995594,
                                                            "children": {
                                                                "_process_vector_observation": {
                                                                    "total": 0.28482610000012265,
                                                                    "count": 14094,
                                                                    "is_parallel": true,
                                                                    "self": 0.28482610000012265
                                                                }
                                                            }
                                                        }
                                                    }
                                                }
                                            }
                                        }
                                    }
                                }
                            }
                        }
                    }
                },
                "trainer_threads": {
                    "total": 2.7400000000454838e-05,
                    "count": 1,
                    "self": 2.7400000000454838e-05,
                    "children": {
                        "thread_root": {
                            "total": 0.0,
                            "count": 0,
                            "is_parallel": true,
                            "self": 0.0,