{
    "name": "root",
    "gauges": {
        "Tank.Policy.Entropy.mean": {
            "value": 3.665675401687622,
            "min": 3.560302734375,
            "max": 3.665675401687622,
            "count": 3
        },
        "Tank.Policy.Entropy.sum": {
            "value": 183298.4375,
            "min": 89517.2421875,
            "max": 183298.4375,
            "count": 3
        },
        "Tank.Policy.ExtrinsicValueEstimate.mean": {
            "value": 0.25696244835853577,
            "min": 0.25696244835853577,
            "max": 0.9521701335906982,
            "count": 3
        },
        "Tank.Policy.ExtrinsicValueEstimate.sum": {
            "value": 2456.81787109375,
            "min": 1265.43408203125,
            "max": 2456.81787109375,
            "count": 3
        },
        "Tank.Environment.EpisodeLength.mean": {
            "value": 4.5833518312985575,
            "min": 4.5833518312985575,
            "max": 22.794820717131476,
            "count": 3
        },
        "Tank.Environment.EpisodeLength.sum": {
            "value": 41296.0,
            "min": 22886.0,
            "max": 45420.0,
            "count": 3
        },
        "Tank.Environment.CumulativeReward.mean": {
            "value": 0.3280541753175786,
            "min": -0.1620458710990742,
            "max": 0.3280541753175786,
            "count": 3
        },
        "Tank.Environment.CumulativeReward.sum": {
            "value": 2955.440065436065,
            "min": -162.36996284127235,
            "max": 2955.440065436065,
            "count": 3
        },
        "Tank.Policy.ExtrinsicReward.mean": {
            "value": 0.3280541753175786,
            "min": -0.1620458710990742,
            "max": 0.3280541753175786,
            "count": 3
        },
        "Tank.Policy.ExtrinsicReward.sum": {
            "value": 2955.440065436065,
            "min": -162.36996284127235,
            "max": 2955.440065436065,
            "count": 3
        },
        "Tank.Losses.PolicyLoss.mean": {
            "value": 0.025420585482691726,
            "min": 0.021565126080531627,
            "max": 0.025420585482691726,
            "count": 3
        },
        "Tank.Losses.PolicyLoss.sum": {
            "value": 0.12710292741345863,
            "min": 0.043130252161063254,
            "max": 0.12710292741345863,
            "count": 3
        },
        "Tank.Losses.ValueLoss.mean": {
            "value": 0.11470955262581509,
            "min": 0.07287143776814144,
            "max": 0.13815374585489432,
            "count": 3
        },
        "Tank.Losses.ValueLoss.sum": {
            "value": 0.5735477631290754,
            "min": 0.27630749170978863,
            "max": 0.5735477631290754,
            "count": 3
        },
        "Tank.Policy.LearningRate.mean": {
            "value": 0.00022305698564768005,
            "min": 0.00022305698564768005,
            "max": 0.0002755872081375999,
            "count": 3
        },
        "Tank.Policy.LearningRate.sum": {
            "value": 0.0011152849282384002,
            "min": 0.0005511744162751998,
            "max": 0.0012697212767596,
            "count": 3
        },
        "Tank.Policy.Epsilon.mean": {
            "value": 0.17435232000000006,
            "min": 0.17435232000000006,
            "max": 0.19186239999999993,
            "count": 3
        },
        "Tank.Policy.Epsilon.sum": {
            "value": 0.8717616000000004,
            "min": 0.38372479999999987,
            "max": 0.9232403999999999,
            "count": 3
        },
        "Tank.Policy.Beta.mean": {
            "value": 0.0037201807680000004,
            "min": 0.0037201807680000004,
            "max": 0.00459393376,
            "count": 3
        },
        "Tank.Policy.Beta.sum": {
            "value": 0.018600903840000002,
            "min": 0.00918786752,
            "max": 0.021169695959999995,
            "count": 3
        },
        "Tank.IsTraining.mean": {
            "value": 1.0,
            "min": 1.0,
            "max": 1.0,
            "count": 3
        },
        "Tank.IsTraining.sum": {
            "value": 1.0,
            "min": 1.0,
            "max": 1.0,
            "count": 3
        }
    },
    "metadata": {
        "timer_format_version": "0.1.0",
        "start_time_seconds": "1615581440",
        "python_version": "3.8.5 (default, Sep  3 2020, 21:29:08) [MSC v.1916 64 bit (AMD64)]",
        "command_line_arguments": "C:\\Users\\aaa\\anaconda3\\Scripts\\mlagents-learn --resume",
        "mlagents_version": "0.24.1",
        "mlagents_envs_version": "0.24.1",
        "communication_protocol_version": "1.4.0",
        "pytorch_version": "1.7.0+cu110",
        "numpy_version": "1.18.5",
        "end_time_seconds": "1615581959"
    },
    "total": 519.4108974,
    "count": 1,
    "self": 0.0028027999999267195,
    "children": {
        "run_training.setup": {
            "total": 0.12369420000000009,
            "count": 1,
            "self": 0.12369420000000009
        },
        "TrainerController.start_learning": {
            "total": 519.2844004,
            "count": 1,
            "self": 0.3276231999994934,
            "children": {
                "TrainerController._reset_env": {
                    "total": 6.3602877,
                    "count": 1,
                    "self": 6.3602877
                },
                "TrainerController.advance": {
                    "total": 512.0822847000005,
                    "count": 16412,
                    "self": 0.15334110000441115,
                    "children": {
                        "env_step": {
                            "total": 511.9289435999961,
                            "count": 16412,
                            "self": 473.296230699997,
                            "children": {
                                "SubprocessEnvManager._take_step": {
                                    "total": 38.44038699999811,
                                    "count": 16412,
                                    "self": 0.5014424999974523,
                                    "children": {
                                        "TorchPolicy.evaluate": {
                                            "total": 37.93894450000066,
                                            "count": 9571,
                                            "self": 12.079379000002767,
                                            "children": {
                                                "TorchPolicy.sample_actions": {
                                                    "total": 25.859565499997892,
                                                    "count": 9571,
                                                    "self": 25.859565499997892
                                                }
                                            }
                                        }
                                    }
                                },
                                "workers": {
                                    "total": 0.19232590000098426,
                                    "count": 16411,
                                    "self": 0.0,
                                    "children": {
                                        "worker_root": {
                                            "total": 514.6062815999973,
                                            "count": 16411,
                                            "is_parallel": true,
                                            "self": 68.10621769999455,
                                            "children": {
                                                "steps_from_proto": {
                                                    "total": 0.0017624999999998892,
                                                    "count": 1,
                                                    "is_parallel": true,
                                                    "self": 0.00021540000000008774,