{
    "name": "root",
    "metadata": {
        "timer_format_version": "0.1.0",
        "start_time_seconds": "1617213864",
        "python_version": "3.8.5 (default, Sep  3 2020, 21:29:08) [MSC v.1916 64 bit (AMD64)]",
        "command_line_arguments": "C:\\Users\\aaa\\anaconda3\\Scripts\\mlagents-learn",
        "mlagents_version": "0.24.1",
        "mlagents_envs_version": "0.24.1",
        "communication_protocol_version": "1.4.0",
        "pytorch_version": "1.7.0+cu110",
        "numpy_version": "1.18.5",
        "end_time_seconds": "1617213931"
    },
    "total": 67.82101320000001,
    "count": 1,
    "self": 0.004221500000014089,
    "children": {
        "run_training.setup": {
            "total": 0.14475459999999996,
            "count": 1,
            "self": 0.14475459999999996
        },
        "TrainerController.start_learning": {
            "total": 67.6720371,
            "count": 1,
            "self": 0.035324700000032294,
            "children": {
                "TrainerController._reset_env": {
                    "total": 42.2147662,
                    "count": 1,
                    "self": 42.2147662
                },
                "TrainerController.advance": {
                    "total": 24.101148999999964,
                    "count": 1181,
                    "self": 0.010325900000104582,
                    "children": {
                        "env_step": {
                            "total": 24.09082309999986,
                            "count": 1181,
                            "self": 12.403039899999811,
                            "children": {
                                "SubprocessEnvManager._take_step": {
                                    "total": 11.676532800000082,
                                    "count": 1181,
                                    "self": 0.1198933000000082,
                                    "children": {
                                        "TorchPolicy.evaluate": {
                                            "total": 11.556639500000074,
                                            "count": 3543,
                                            "self": 2.732082299999952,
                                            "children": {
                                                "TorchPolicy.sample_actions": {
                                                    "total": 8.824557200000122,
                                                    "count": 3543,
                                                    "self": 8.824557200000122
                                                }
                                            }
                                        }
                                    }
                                },
                                "workers": {
                                    "total": 0.011250399999966021,
                                    "count": 1180,
                                    "self": 0.0,
                                    "children": {
                                        "worker_root": {
                                            "total": 29.79818690000002,
                                            "count": 1180,
                                            "is_parallel": true,
                                            "self": 18.43512119999982,
                                            "children": {
                                                "steps_from_proto": {
                                                    "total": 0.005372900000004677,
                                                    "count": 3,
                                                    "is_parallel": true,
                                                    "self": 0.0014177999999986923,
                                                    "children": {
                                                        "_process_vector_observation": {
                                                            "total": 0.003955100000005984,
                                                            "count": 18,
                                                            "is_parallel": true,
                                                            "self": 0.003955100000005984
                                                        }
                                                    }
                                                },
                                                "UnityEnvironment.step": {
                                                    "total": 11.357692800000194,
                                                    "count": 1180,
                                                    "is_parallel": true,
                                                    "self": 0.07924260000061878,
                                                    "children": {
                                                        "UnityEnvironment._generate_step_input": {
                                                            "total": 0.23303169999990558,
                                                            "count": 1180,
                                                            "is_parallel": true,
                                                            "self": 0.23303169999990558
                                                        },
                                                        "communicator.exchange": {
                                                            "total": 10.317983499999677,
                                                            "count": 1180,
                                                            "is_parallel": true,
                                                            "self": 10.317983499999677
                                                        },
                                                        "steps_from_proto": {
                                                            "total": 0.7274349999999927,
                                                            "count": 3540,
                                                            "is_parallel": true,
                                                            "self": 0.3061782000000406,
                                                            "children": {
                                                                "_process_vector_observation": {
                                                                    "total": 0.42125679999995214,
                                                                    "count": 21240,
                                                                    "is_parallel": true,
                                                                    "self": 0.42125679999995214
                                                                }
                                                            }
                                                        }
                                                    }
                                                }
                                            }
                                        }
                                    }
                                }
                            }
                        }
                    }
                },
                "trainer_threads": {
                    "total": 3.320000000428536e-05,
                    "count": 1,
                    "self": 3.320000000428536e-05,
                    "children": {
                        "thread_root": {
                            "total": 0.0,
                            "count": 0,
                            "is_parallel": true,
                            "self": 0.0,