{
    "name": "root",
    "gauges": {
        "Tank.Policy.Entropy.mean": {
            "value": 1.8144973516464233,
            "min": 1.7677361965179443,
            "max": 2.197927713394165,
            "count": 41
        },
        "Tank.Policy.Entropy.sum": {
            "value": 21768.525390625,
            "min": 21016.615234375,
            "max": 26605.916015625,
            "count": 41
        },
        "Tank.Environment.EpisodeLength.mean": {
            "value": 10.264788732394367,
            "min": 9.806654676258994,
            "max": 12.045652173913043,
            "count": 41
        },
        "Tank.Environment.EpisodeLength.sum": {
            "value": 10932.0,
            "min": 10827.0,
            "max": 11153.0,
            "count": 41
        },
        "Tank.Policy.ExtrinsicValueEstimate.mean": {
            "value": 0.6781522035598755,
            "min": 0.6233291625976562,
            "max": 0.8458155393600464,
            "count": 41
        },
        "Tank.Policy.ExtrinsicValueEstimate.sum": {
            "value": 721.553955078125,
            "min": 587.1760864257812,
            "max": 822.1326904296875,
            "count": 41
        },
        "Tank.Environment.CumulativeReward.mean": {
            "value": 0.4711748729635002,
            "min": 0.37403790599591025,
            "max": 0.5017851318547623,
            "count": 41
        },
        "Tank.Environment.CumulativeReward.sum": {
            "value": 501.3300648331642,
            "min": 345.98506304621696,
            "max": 557.9850666224957,
            "count": 41
        },
        "Tank.Policy.ExtrinsicReward.mean": {
            "value": 0.4711748729635002,
            "min": 0.37403790599591025,
            "max": 0.5017851318547623,
            "count": 41
        },
        "Tank.Policy.ExtrinsicReward.sum": {
            "value": 501.3300648331642,
            "min": 345.98506304621696,
            "max": 557.9850666224957,
            "count": 41
        },
        "Tank.IsTraining.mean": {
            "value": 1.0,
            "min": 1.0,
            "max": 1.0,
            "count": 41
        },
        "Tank.IsTraining.sum": {
            "value": 1.0,
            "min": 1.0,
            "max": 1.0,
            "count": 41
        },
        "Tank.Losses.PolicyLoss.mean": {
            "value": 0.07668709529709304,
            "min": 0.06654847253984675,
            "max": 0.07876000497975232,
            "count": 40
        },
        "Tank.Losses.PolicyLoss.sum": {
            "value": 0.07668709529709304,
            "min": 0.06654847253984675,
            "max": 0.07876000497975232,
            "count": 40
        },
        "Tank.Losses.ValueLoss.mean": {
            "value": 0.069110055839022,
            "min": 0.030911105663205186,
            "max": 0.07140775711586078,
            "count": 40
        },
        "Tank.Losses.ValueLoss.sum": {
            "value": 0.069110055839022,
            "min": 0.030911105663205186,
            "max": 0.07140775711586078,
            "count": 40
        },
        "Tank.Policy.LearningRate.mean": {
            "value": 1.149669616779999e-05,
            "min": 1.149669616779999e-05,
            "max": 0.0002927976024007999,
            "count": 40
        },
        "Tank.Policy.LearningRate.sum": {
            "value": 1.149669616779999e-05,
            "min": 1.149669616779999e-05,
            "max": 0.0002927976024007999,
            "count": 40
        },
        "Tank.Policy.Epsilon.mean": {
            "value": 0.10383220000000001,
            "min": 0.10383220000000001,
            "max": 0.19759919999999997,
            "count": 40
        },
        "Tank.Policy.Epsilon.sum": {
            "value": 0.10383220000000001,
            "min": 0.10383220000000001,
            "max": 0.19759919999999997,
            "count": 40
        },
        "Tank.Policy.Beta.mean": {
            "value": 4.7938779999999954e-05,
            "min": 4.7938779999999954e-05,
            "max": 0.00097623208,
            "count": 40
        },
        "Tank.Policy.Beta.sum": {
            "value": 4.7938779999999954e-05,
            "min": 4.7938779999999954e-05,
            "max": 0.00097623208,
            "count": 40
        }
    },
    "metadata": {
        "timer_format_version": "0.1.0",
        "start_time_seconds": "1615555276",
        "python_version": "3.8.5 (default, Sep  3 2020, 21:29:08) [MSC v.1916 64 bit (AMD64)]",
        "command_line_arguments": "C:\\Users\\aaa\\anaconda3\\Scripts\\mlagents-learn test.yaml --run-id=reset1_3_stage2 --initialize-from=reset1_3",
        "mlagents_version": "0.24.1",
        "mlagents_envs_version": "0.24.1",
        "communication_protocol_version": "1.4.0",
        "pytorch_version": "1.7.0+cu110",
        "numpy_version": "1.18.5",
        "end_time_seconds": "1615557352"
    },
    "total": 2076.7505802,
    "count": 1,
    "self": 0.007440600000336417,
    "children": {
        "run_training.setup": {
            "total": 0.17906069999999996,
            "count": 1,
            "self": 0.17906069999999996
        },
        "TrainerController.start_learning": {
            "total": 2076.5640789,
            "count": 1,
            "self": 1.7162486999727662,
            "children": {
                "TrainerController._reset_env": {
                    "total": 8.91286,
                    "count": 1,
                    "self": 8.91286
                },
                "TrainerController.advance": {
                    "total": 2065.798234000027,
                    "count": 92162,
                    "self": 0.8619104000149491,
                    "children": {
                        "env_step": {
                            "total": 2064.936323600012,
                            "count": 92162,
                            "self": 1841.3034531999647,
                            "children": {
                                "SubprocessEnvManager._take_step": {
                                    "total": 222.58747849999557,
                                    "count": 92162,
                                    "self": 2.6482268999768337,
                                    "children": {
                                        "TorchPolicy.evaluate": {
                                            "total": 219.93925160001874,
                                            "count": 55581,
                                            "self": 56.78477089999225,
                                            "children": {
                                                "TorchPolicy.sample_actions": {
                                                    "total": 163.15448070002648,
                                                    "count": 55581,
                                                    "self": 163.15448070002648
                                                }
                                            }
                                        }
                                    }
                                },
                                "workers": {
                                    "total": 1.0453919000519623,
                                    "count": 92162,
                                    "self": 0.0,
                                    "children": {
                                        "worker_root": {
                                            "total": 2067.83772939997,
                                            "count": 92162,
                                            "is_parallel": true,
                                            "self": 427.6613738999754,