{
    "name": "root",
    "gauges": {
        "Tank.Policy.Entropy.mean": {
            "value": 0.6908838748931885,
            "min": 0.6334620118141174,
            "max": 3.3072566986083984,
            "count": 100
        },
        "Tank.Policy.ExtrinsicValueEstimate.mean": {
            "value": 0.734767496585846,
            "min": -0.01826980896294117,
            "max": 0.7725656628608704,
            "count": 100
        },
        "Tank.Losses.PolicyLoss.mean": {
            "value": 0.24183056455283988,
            "min": 0.2348751183651569,
            "max": 0.2525974749370968,
            "count": 100
        },
        "Tank.Losses.ValueLoss.mean": {
            "value": 0.014841217936632766,
            "min": 0.008751367169434265,
            "max": 0.17880473281554804,
            "count": 100
        },
        "Tank.Policy.LearningRate.mean": {
            "value": 2.486075406419276e-06,
            "min": 2.486075406419276e-06,
            "max": 0.000497461680507664,
            "count": 100
        },
        "Tank.Policy.Epsilon.mean": {
            "value": 0.1004971951807229,
            "min": 0.1004971951807229,
            "max": 0.19949233600000002,
            "count": 100
        },
        "Tank.Policy.Beta.mean": {
            "value": 1.2436256385542167e-05,
            "min": 1.2436256385542167e-05,
            "max": 0.0004975124463999998,
            "count": 100
        },
        "Tank.Environment.EpisodeLength.mean": {
            "value": 57.01162790697674,
            "min": 50.74742268041237,
            "max": 306.93939393939394,
            "count": 100
        },
        "Tank.Environment.CumulativeReward.mean": {
            "value": 0.9883720930232558,
            "min": -0.1875,
            "max": 1.0,
            "count": 100
        },
        "Tank.Policy.ExtrinsicReward.mean": {
            "value": 0.9883720930232558,
            "min": -0.1875,
            "max": 1.0,
            "count": 100
        },
        "Tank.IsTraining.mean": {
            "value": 1.0,
            "min": 1.0,
            "max": 1.0,
            "count": 100
        }
    },
    "metadata": {
        "timer_format_version": "0.1.0",
        "start_time_seconds": "1614542177",
        "python_version": "3.8.7 (tags/v3.8.7:6503f05, Dec 21 2020, 17:59:51) [MSC v.1928 64 bit (AMD64)]",
        "command_line_arguments": "C:\\Users\\hs169\\AppData\\Local\\Programs\\Python\\Python38\\Scripts\\mlagents-learn .\\config\\test.yaml --run-id=step1 --resume --no-graphics",
        "mlagents_version": "0.23.0",
        "mlagents_envs_version": "0.23.0",
        "communication_protocol_version": "1.3.0",
        "pytorch_version": "1.7.1",
        "numpy_version": "1.19.5",
        "end_time_seconds": "1614554612"
    },
    "total": 12435.706151,
    "count": 1,
    "self": 0.007618699999511591,
    "children": {
        "run_training.setup": {
            "total": 0.011581500000000133,
            "count": 1,
            "self": 0.011581500000000133
        },
        "TrainerController.start_learning": {
            "total": 12435.6869508,
            "count": 1,
            "self": 22.205892099220364,
            "children": {
                "TrainerController._reset_env": {
                    "total": 6.5151240999999995,
                    "count": 1,
                    "self": 6.5151240999999995
                },
                "TrainerController.advance": {
                    "total": 12406.857509200778,
                    "count": 1010983,
                    "self": 9.726743601302587,
                    "children": {
                        "env_step": {
                            "total": 12397.130765599475,
                            "count": 1010983,
                            "self": 7492.711691199855,
                            "children": {
                                "SubprocessEnvManager._take_step": {
                                    "total": 4893.510884799893,
                                    "count": 1010983,
                                    "self": 45.77713309979572,
                                    "children": {
                                        "TorchPolicy.evaluate": {
                                            "total": 4847.733751700097,
                                            "count": 1000034,
                                            "self": 1157.143326299718,
                                            "children": {
                                                "TorchPolicy.sample_actions": {
                                                    "total": 3690.590425400379,
                                                    "count": 1000034,
                                                    "self": 3690.590425400379
                                                }
                                            }
                                        }
                                    }
                                },
                                "workers": {
                                    "total": 10.908189599727896,
                                    "count": 1010983,
                                    "self": 0.0,
                                    "children": {
                                        "worker_root": {
                                            "total": 12406.337826800114,
                                            "count": 1010983,
                                            "is_parallel": true,
                                            "self": 5788.775206999824,
                                            "children": {
                                                "steps_from_proto": {
                                                    "total": 0.0004602000000000217,
                                                    "count": 1,
                                                    "is_parallel": true,
                                                    "self": 0.00017530000000043344,
                                                    "children": {
                                                        "_process_vector_observation": {
                                                            "total": 0.00028489999999958826,
                                                            "count": 4,
                                                            "is_parallel": true,
                                                            "self": 0.00028489999999958826
                                                        }
                                                    }
                                                },
                                                "UnityEnvironment.step": {
                                                    "total": 6617.56215960029,
                                                    "count": 1010983,
                                                    "is_parallel": true,
                                                    "self": 55.206723200749366,
                                                    "children": {
                                                        "UnityEnvironment._generate_step_input": {
                                                            "total": 126.32642189943746,
                                                            "count": 1010983,
                                                            "is_parallel": true,
                                                            "self": 126.32642189943746
                                                        },
                                                        "communicator.exchange": {
                                                            "total": 6143.612277800237,
                                                            "count": 1010983,
                                                            "is_parallel": true,