{
    "name": "root",
    "gauges": {
        "TankA.Policy.Entropy.mean": {
            "value": 4.014500617980957,
            "min": 4.014500617980957,
            "max": 4.014500617980957,
            "count": 1
        },
        "TankA.Policy.Entropy.sum": {
            "value": 202077.90625,
            "min": 202077.90625,
            "max": 202077.90625,
            "count": 1
        },
        "TankA.Policy.ExtrinsicValueEstimate.mean": {
            "value": 4.371313095092773,
            "min": 4.371313095092773,
            "max": 4.371313095092773,
            "count": 1
        },
        "TankA.Policy.ExtrinsicValueEstimate.sum": {
            "value": 3636.9326171875,
            "min": 3636.9326171875,
            "max": 3636.9326171875,
            "count": 1
        },
        "TankA.Environment.EpisodeLength.mean": {
            "value": 578.5542168674699,
            "min": 578.5542168674699,
            "max": 578.5542168674699,
            "count": 1
        },
        "TankA.Environment.EpisodeLength.sum": {
            "value": 48020.0,
            "min": 48020.0,
            "max": 48020.0,
            "count": 1
        },
        "TankA.Environment.CumulativeReward.mean": {
            "value": 25.98240227728005,
            "min": 25.98240227728005,
            "max": 25.98240227728005,
            "count": 1
        },
        "TankA.Environment.CumulativeReward.sum": {
            "value": 2156.539389014244,
            "min": 2156.539389014244,
            "max": 2156.539389014244,
            "count": 1
        },
        "TankA.Policy.ExtrinsicReward.mean": {
            "value": 25.98240227728005,
            "min": 25.98240227728005,
            "max": 25.98240227728005,
            "count": 1
        },
        "TankA.Policy.ExtrinsicReward.sum": {
            "value": 2156.539389014244,
            "min": 2156.539389014244,
            "max": 2156.539389014244,
            "count": 1
        },
        "TankA.Losses.PolicyLoss.mean": {
            "value": 0.021958126803898873,
            "min": 0.021958126803898873,
            "max": 0.021958126803898873,
            "count": 1
        },
        "TankA.Losses.PolicyLoss.sum": {
            "value": 0.08783250721559549,
            "min": 0.08783250721559549,
            "max": 0.08783250721559549,
            "count": 1
        },
        "TankA.Losses.ValueLoss.mean": {
            "value": 3.8449815352757772,
            "min": 3.8449815352757772,
            "max": 3.8449815352757772,
            "count": 1
        },
        "TankA.Losses.ValueLoss.sum": {
            "value": 15.379926141103109,
            "min": 15.379926141103109,
            "max": 15.379926141103109,
            "count": 1
        },
        "TankA.Policy.LearningRate.mean": {
            "value": 0.00028416630527789994,
            "min": 0.00028416630527789994,
            "max": 0.00028416630527789994,
            "count": 1
        },
        "TankA.Policy.LearningRate.sum": {
            "value": 0.0011366652211115998,
            "min": 0.0011366652211115998,
            "max": 0.0011366652211115998,
            "count": 1
        },
        "TankA.Policy.Epsilon.mean": {
            "value": 0.1947221,
            "min": 0.1947221,
            "max": 0.1947221,
            "count": 1
        },
        "TankA.Policy.Epsilon.sum": {
            "value": 0.7788884,
            "min": 0.7788884,
            "max": 0.7788884,
            "count": 1
        },
        "TankA.Policy.Beta.mean": {
            "value": 0.00473663279,
            "min": 0.00473663279,
            "max": 0.00473663279,
            "count": 1
        },
        "TankA.Policy.Beta.sum": {
            "value": 0.01894653116,
            "min": 0.01894653116,
            "max": 0.01894653116,
            "count": 1
        },
        "TankA.IsTraining.mean": {
            "value": 1.0,
            "min": 1.0,
            "max": 1.0,
            "count": 1
        },
        "TankA.IsTraining.sum": {
            "value": 1.0,
            "min": 1.0,
            "max": 1.0,
            "count": 1
        }
    },
    "metadata": {
        "timer_format_version": "0.1.0",
        "start_time_seconds": "1617448822",
        "python_version": "3.8.7 (tags/v3.8.7:6503f05, Dec 21 2020, 17:59:51) [MSC v.1928 64 bit (AMD64)]",
        "command_line_arguments": "D:\\Project\\UNITY\\ml-agents\\ML-tanks\\mlagents\\Scripts\\mlagents-learn --run-id=saitoTankAModel --force --initialize-from=test2",
        "mlagents_version": "0.25.0",
        "mlagents_envs_version": "0.25.0",
        "communication_protocol_version": "1.5.0",
        "pytorch_version": "1.7.1+cu110",
        "numpy_version": "1.20.1",
        "end_time_seconds": "1617449061"
    },
    "total": 238.84190279999999,
    "count": 1,
    "self": 0.03403199999999629,
    "children": {
        "run_training.setup": {
            "total": 0.0831192000000005,
            "count": 1,
            "self": 0.0831192000000005
        },
        "TrainerController.start_learning": {
            "total": 238.7247516,
            "count": 1,
            "self": 0.1768545999993023,
            "children": {
                "TrainerController._reset_env": {
                    "total": 9.4563234,
                    "count": 1,
                    "self": 9.4563234
                },
                "TrainerController.advance": {
                    "total": 228.62745630000066,
                    "count": 7369,
                    "self": 0.07655420000054391,
                    "children": {
                        "env_step": {
                            "total": 228.55090210000012,
                            "count": 7369,
                            "self": 187.3483799999997,
                            "children": {
                                "SubprocessEnvManager._take_step": {
                                    "total": 41.118368500000585,
                                    "count": 7369,
                                    "self": 0.3738271999998801,
                                    "children": {
                                        "TorchPolicy.evaluate": {
                                            "total": 40.744541300000705,
                                            "count": 7317,
                                            "self": 10.592495200001373,
                                            "children": {
                                                "TorchPolicy.sample_actions": {
                                                    "total": 30.152046099999332,
                                                    "count": 7317,
                                                    "self": 30.152046099999332
                                                }
                                            }
                                        }
                                    }
                                },
                                "workers": {
                                    "total": 0.08415359999983174,
                                    "count": 7368,
                                    "self": 0.0,
                                    "children": {
                                        "worker_root": {
                                            "total": 229.84243520000092,
                                            "count": 7368,
                                            "is_parallel": true,
                                            "self": 52.434831000000486,
                                            "children": {
                                                "steps_from_proto": {
                                                    "total": 0.0008505000000003093,
                                                    "count": 1,
                                                    "is_parallel": true,
                                                    "self": 0.00026370000000142113,