{
    "name": "root",
    "gauges": {
        "MyBehavior.Policy.Entropy.mean": {
            "value": 1.3498724699020386,
            "min": 1.3467020988464355,
            "max": 1.3537908792495728,
            "count": 10
        },
        "MyBehavior.Policy.Entropy.sum": {
            "value": 67511.171875,
            "min": 67308.234375,
            "max": 68121.40625,
            "count": 10
        },
        "MyBehavior.Policy.ExtrinsicValueEstimate.mean": {
            "value": -0.7023823857307434,
            "min": -0.8537186980247498,
            "max": -0.6966890692710876,
            "count": 10
        },
        "MyBehavior.Policy.ExtrinsicValueEstimate.sum": {
            "value": -733.2872314453125,
            "min": -888.72119140625,
            "max": -729.4334716796875,
            "count": 10
        },
        "MyBehavior.Environment.EpisodeLength.mean": {
            "value": 85.38793103448276,
            "min": 83.90169491525424,
            "max": 86.34150612959719,
            "count": 10
        },
        "MyBehavior.Environment.EpisodeLength.sum": {
            "value": 49525.0,
            "min": 49207.0,
            "max": 49559.0,
            "count": 10
        },
        "MyBehavior.Environment.CumulativeReward.mean": {
            "value": -1.0,
            "min": -1.0,
            "max": -1.0,
            "count": 10
        },
        "MyBehavior.Environment.CumulativeReward.sum": {
            "value": -580.0,
            "min": -590.0,
            "max": -571.0,
            "count": 10
        },
        "MyBehavior.Policy.ExtrinsicReward.mean": {
            "value": -1.0,
            "min": -1.0,
            "max": -1.0,
            "count": 10
        },
        "MyBehavior.Policy.ExtrinsicReward.sum": {
            "value": -580.0,
            "min": -590.0,
            "max": -571.0,
            "count": 10
        },
        "MyBehavior.Losses.PolicyLoss.mean": {
            "value": 0.024535637577064336,
            "min": 0.021024081595242026,
            "max": 0.025739103004646796,
            "count": 10
        },
        "MyBehavior.Losses.PolicyLoss.sum": {
            "value": 0.12267818788532169,
            "min": 0.08835967970080673,
            "max": 0.12869551502323398,
            "count": 10
        },
        "MyBehavior.Losses.ValueLoss.mean": {
            "value": 0.002268733093515039,
            "min": 0.0014344331156462432,
            "max": 0.0029878806526539847,
            "count": 10
        },
        "MyBehavior.Losses.ValueLoss.sum": {
            "value": 0.011343665467575193,
            "min": 0.007172165578231216,
            "max": 0.011951522610615939,
            "count": 10
        },
        "MyBehavior.Policy.LearningRate.mean": {
            "value": 1.6631854456079995e-05,
            "min": 1.6631854456079995e-05,
            "max": 0.00028461675512775,
            "count": 10
        },
        "MyBehavior.Policy.LearningRate.sum": {
            "value": 8.315927228039998e-05,
            "min": 8.315927228039998e-05,
            "max": 0.0012844812718396,
            "count": 10
        },
        "MyBehavior.Policy.Epsilon.mean": {
            "value": 0.10554392000000001,
            "min": 0.10554392000000001,
            "max": 0.19487225,
            "count": 10
        },
        "MyBehavior.Policy.Epsilon.sum": {
            "value": 0.5277196000000001,
            "min": 0.5001568000000001,
            "max": 0.9281604000000001,
            "count": 10
        },
        "MyBehavior.Policy.Beta.mean": {
            "value": 0.0002866416079999999,
            "min": 0.0002866416079999999,
            "max": 0.004744125275,
            "count": 10
        },
        "MyBehavior.Policy.Beta.sum": {
            "value": 0.0014332080399999997,
            "min": 0.0014332080399999997,
            "max": 0.02141520396,
            "count": 10
        },
        "MyBehavior.IsTraining.mean": {
            "value": 1.0,
            "min": 1.0,
            "max": 1.0,
            "count": 10
        },
        "MyBehavior.IsTraining.sum": {
            "value": 1.0,
            "min": 1.0,
            "max": 1.0,
            "count": 10
        },
        "TankA1.Policy.Entropy.mean": {
            "value": 4.089782238006592,
            "min": 3.8448398113250732,
            "max": 4.089782238006592,
            "count": 11
        },
        "TankA1.Policy.Entropy.sum": {
            "value": 202738.6875,
            "min": 190971.828125,
            "max": 206053.640625,
            "count": 11
        },
        "TankA1.Policy.ExtrinsicValueEstimate.mean": {
            "value": 2.0430891513824463,
            "min": 1.633049726486206,
            "max": 2.0430891513824463,
            "count": 11
        },
        "TankA1.Policy.ExtrinsicValueEstimate.sum": {
            "value": 2034.916748046875,
            "min": 1628.7115478515625,
            "max": 2039.484130859375,
            "count": 11
        },
        "TankA1.Environment.EpisodeLength.mean": {
            "value": 99.0,
            "min": 99.0,
            "max": 99.05555555555556,
            "count": 11
        },
        "TankA1.Environment.EpisodeLength.sum": {
            "value": 50490.0,
            "min": 48114.0,
            "max": 50787.0,
            "count": 11
        },
        "TankA1.Environment.CumulativeReward.mean": {
            "value": 4.852959413415923,
            "min": 3.7361112843294446,
            "max": 4.861425972834695,
            "count": 11
        },
        "TankA1.Environment.CumulativeReward.sum": {
            "value": 2377.9501125738025,
            "min": 1815.7500841841102,
            "max": 2489.050098091364,
            "count": 11
        },
        "TankA1.Policy.ExtrinsicReward.mean": {
            "value": 4.852959413415923,
            "min": 3.7361112843294446,
            "max": 4.861425972834695,
            "count": 11
        },
        "TankA1.Policy.ExtrinsicReward.sum": {
            "value": 2377.9501125738025,
            "min": 1815.7500841841102,
            "max": 2489.050098091364,
            "count": 11
        },
        "TankA1.Losses.PolicyLoss.mean": {
            "value": 0.025141528686508534,
            "min": 0.021047772248275576,
            "max": 0.028704791027121247,
            "count": 10
        },
        "TankA1.Losses.PolicyLoss.sum": {
            "value": 0.12570764343254268,
            "min": 0.09830210263996074,
            "max": 0.12570764343254268,
            "count": 10
        },
        "TankA1.Losses.ValueLoss.mean": {
            "value": 1.0306386820475262,
            "min": 0.7652755836645764,
            "max": 1.1392434294025102,
            "count": 10
        },
        "TankA1.Losses.ValueLoss.sum": {
            "value": 5.1531934102376304,
            "min": 3.1333923558394114,
            "max": 5.1531934102376304,
            "count": 10
        },
        "TankA1.Policy.LearningRate.mean": {
            "value": 1.5015094995e-05,
            "min": 1.5015094995e-05,
            "max": 0.000283935005355,
            "count": 10
        },
        "TankA1.Policy.LearningRate.sum": {
            "value": 7.5075474975e-05,
            "min": 7.5075474975e-05,
            "max": 0.001273875075375,
            "count": 10
        },
        "TankA1.Policy.Epsilon.mean": {
            "value": 0.10500500000000001,
            "min": 0.10500500000000001,
            "max": 0.19464500000000004,
            "count": 10
        },
        "TankA1.Policy.Epsilon.sum": {
            "value": 0.5250250000000001,
            "min": 0.4589,
            "max": 0.9246249999999998,
            "count": 10
        },
        "TankA1.Policy.Beta.mean": {
            "value": 0.00025974950000000015,
            "min": 0.00025974950000000015,
            "max": 0.0047327855,
            "count": 10
        },
        "TankA1.Policy.Beta.sum": {
            "value": 0.0012987475000000007,