{
    "TankA2": {
        "checkpoints": [
            {
                "steps": 216859,
                "file_path": "results\\stage1\\TankA2\\TankA2-216859.onnx",
                "reward": -0.18462499831124055,
                "creation_time": 1617094316.0146317
            }
        ],
        "final_checkpoint": {
            "steps": 216859,
            "file_path": "results\\stage1\\TankA2.onnx",
            "reward": -0.18462499831124055,
            "creation_time": 1617094316.0146317
        }
    },
    "My Behavior": {
        "checkpoints": [
            {
                "steps": 216839,
                "file_path": "results\\stage1\\My Behavior\\My Behavior-216839.onnx",
                "reward": 0.5594615386082575,
                "creation_time": 1617094316.0654948
            }
        ],
        "final_checkpoint": {
            "steps": 216839,
            "file_path": "results\\stage1\\My Behavior.onnx",
            "reward": 0.5594615386082575,
            "creation_time": 1617094316.0654948
        }
    },
    "TankA1": {
        "checkpoints": [
            {
                "steps": 216802,
                "file_path": "results\\stage1\\TankA1\\TankA1-216802.onnx",
                "reward": 0.09983998469542713,
                "creation_time": 1617094316.1771965
            }
        ],
        "final_checkpoint": {
            "steps": 216802,
            "file_path": "results\\stage1\\TankA1.onnx",
            "reward": 0.09983998469542713,
            "creation_time": 1617094316.1771965
        }
    },
    "TankA3": {
        "checkpoints": [
            {
                "steps": 216824,
                "file_path": "results\\stage1\\TankA3\\TankA3-216824.onnx",
                "reward": -0.1640117588069509,
                "creation_time": 1617094316.2910292
            }
        ],
        "final_checkpoint": {
            "steps": 216824,
            "file_path": "results\\stage1\\TankA3.onnx",
            "reward": -0.1640117588069509,
            "creation_time": 1617094316.2910292
        }
    },
    "metadata": {
        "stats_format_version": "0.2.0",
        "mlagents_version": "0.25.0",
        "torch_version": "1.7.1+cu110"
    }
}