{
    "name": "root",
    "gauges": {
        "Tank.Policy.Entropy.mean": {
            "value": 2.635673761367798,
            "min": 2.635673761367798,
            "max": 3.9879398345947266,
            "count": 19
        },
        "Tank.Policy.Entropy.sum": {
            "value": 31382.96875,
            "min": 31382.96875,
            "max": 48991.83984375,
            "count": 19
        },
        "Tank.Environment.EpisodeLength.mean": {
            "value": 48.148148148148145,
            "min": 10.593236714975845,
            "max": 49.09166666666667,
            "count": 19
        },
        "Tank.Environment.EpisodeLength.sum": {
            "value": 11700.0,
            "min": 10964.0,
            "max": 11782.0,
            "count": 19
        },
        "Tank.Policy.ExtrinsicValueEstimate.mean": {
            "value": 2.032646894454956,
            "min": -0.23493942618370056,
            "max": 2.032646894454956,
            "count": 19
        },
        "Tank.Policy.ExtrinsicValueEstimate.sum": {
            "value": 493.93316650390625,
            "min": -118.10301208496094,
            "max": 1034.3634033203125,
            "count": 19
        },
        "Tank.Environment.CumulativeReward.mean": {
            "value": 3.621234115259147,
            "min": -0.7539509476684942,
            "max": 3.640166177600622,
            "count": 19
        },
        "Tank.Environment.CumulativeReward.sum": {
            "value": 879.9598900079727,
            "min": -309.11988854408264,
            "max": 1250.7999790012836,
            "count": 19
        },
        "Tank.Policy.ExtrinsicReward.mean": {
            "value": 3.621234115259147,
            "min": -0.7539509476684942,
            "max": 3.640166177600622,
            "count": 19
        },
        "Tank.Policy.ExtrinsicReward.sum": {
            "value": 879.9598900079727,
            "min": -309.11988854408264,
            "max": 1250.7999790012836,
            "count": 19
        },
        "Tank.IsTraining.mean": {
            "value": 1.0,
            "min": 1.0,
            "max": 1.0,
            "count": 19
        },
        "Tank.IsTraining.sum": {
            "value": 1.0,
            "min": 1.0,
            "max": 1.0,
            "count": 19
        },
        "Tank.Losses.PolicyLoss.mean": {
            "value": 0.07746476238088992,
            "min": 0.06530596963571346,
            "max": 0.0784487199658785,
            "count": 18
        },
        "Tank.Losses.PolicyLoss.sum": {
            "value": 0.07746476238088992,
            "min": 0.06530596963571346,
            "max": 0.0784487199658785,
            "count": 18
        },
        "Tank.Losses.ValueLoss.mean": {
            "value": 0.5932669175664583,
            "min": 0.050806275873134535,
            "max": 0.5932669175664583,
            "count": 18
        },
        "Tank.Losses.ValueLoss.sum": {
            "value": 0.5932669175664583,
            "min": 0.050806275873134535,
            "max": 0.5932669175664583,
            "count": 18
        },
        "Tank.Policy.LearningRate.mean": {
            "value": 0.00017006044331320001,
            "min": 0.00017006044331320001,
            "max": 0.000292758002414,
            "count": 18
        },
        "Tank.Policy.LearningRate.sum": {
            "value": 0.00017006044331320001,
            "min": 0.00017006044331320001,
            "max": 0.000292758002414,
            "count": 18
        },
        "Tank.Policy.Epsilon.mean": {
            "value": 0.15668680000000001,
            "min": 0.15668680000000001,
            "max": 0.197586,
            "count": 18
        },
        "Tank.Policy.Epsilon.sum": {
            "value": 0.15668680000000001,
            "min": 0.15668680000000001,
            "max": 0.197586,
            "count": 18
        },
        "Tank.Policy.Beta.mean": {
            "value": 0.00057119932,
            "min": 0.00057119932,
            "max": 0.0009761014,
            "count": 18
        },
        "Tank.Policy.Beta.sum": {
            "value": 0.00057119932,
            "min": 0.00057119932,
            "max": 0.0009761014,
            "count": 18
        }
    },
    "metadata": {
        "timer_format_version": "0.1.0",
        "start_time_seconds": "1615468168",
        "python_version": "3.8.5 (default, Sep  3 2020, 21:29:08) [MSC v.1916 64 bit (AMD64)]",
        "command_line_arguments": "C:\\Users\\aaa\\anaconda3\\Scripts\\mlagents-learn test.yaml --run-id=raycast1 --force",
        "mlagents_version": "0.24.1",
        "mlagents_envs_version": "0.24.1",
        "communication_protocol_version": "1.4.0",
        "pytorch_version": "1.7.0+cu110",
        "numpy_version": "1.18.5",
        "end_time_seconds": "1615469100"
    },
    "total": 932.0373259,
    "count": 1,
    "self": 0.0047540000001617955,
    "children": {
        "run_training.setup": {
            "total": 0.1653947,
            "count": 1,
            "self": 0.1653947
        },
        "TrainerController.start_learning": {
            "total": 931.8671771999999,
            "count": 1,
            "self": 0.7318847999923719,
            "children": {
                "TrainerController._reset_env": {
                    "total": 9.586754500000001,
                    "count": 1,
                    "self": 9.586754500000001
                },
                "TrainerController.advance": {
                    "total": 921.0356680000075,
                    "count": 37716,
                    "self": 0.33346500000493506,
                    "children": {
                        "env_step": {
                            "total": 920.7022030000026,
                            "count": 37716,
                            "self": 815.4926766000171,
                            "children": {
                                "SubprocessEnvManager._take_step": {
                                    "total": 104.78310049999561,
                                    "count": 37716,
                                    "self": 1.1931601999917518,
                                    "children": {
                                        "TorchPolicy.evaluate": {
                                            "total": 103.58994030000386,
                                            "count": 26292,
                                            "self": 22.261008600008452,
                                            "children": {
                                                "TorchPolicy.sample_actions": {
                                                    "total": 81.32893169999541,
                                                    "count": 26292,
                                                    "self": 81.32893169999541
                                                }
                                            }
                                        }
                                    }
                                },
                                "workers": {
                                    "total": 0.42642589998975744,
                                    "count": 37715,
                                    "self": 0.0,
                                    "children": {
                                        "worker_root": {
                                            "total": 921.7286946999869,
                                            "count": 37715,
                                            "is_parallel": true,
                                            "self": 179.45364049999455,
                                            "children": {
                                                "steps_from_proto": {
                                                    "total": 0.001224599999999576,